window_id,asset,side,entry_time,entry_price,group_config,group_prices,exit_time,exit_price,exit_reason,pnl,stake_size
20240903_0545,SOL,UP,2024-09-03 05:57:00,0.0577,G2,"{'BTC': 0.7677, 'ETH': 0.8079, 'XRP': 0.8794}",2024-09-03 06:00:00,0.1146,SETTLEMENT,0.05689999999999999,1.0
20240903_0630,SOL,UP,2024-09-03 06:40:00,0.0719,G2,"{'BTC': 0.7623, 'ETH': 0.9807, 'XRP': 0.7673}",2024-09-03 06:45:00,0.0326,SETTLEMENT,-0.03930000000000001,1.0
20240903_0700,SOL,UP,2024-09-03 07:10:00,0.0681,G2,"{'BTC': 0.7729, 'ETH': 1.0, 'XRP': 0.7799}",2024-09-03 07:15:00,0.0193,SETTLEMENT,-0.048799999999999996,1.0
20240903_0730,SOL,UP,2024-09-03 07:40:00,0.0278,G2,"{'BTC': 0.8142, 'ETH': 0.8948, 'XRP': 0.8574}",2024-09-03 07:45:00,0.1044,SETTLEMENT,0.0766,1.0
20240903_0745,SOL,UP,2024-09-03 07:56:00,0.0153,G2,"{'BTC': 0.7901, 'ETH': 0.7796, 'XRP': 0.9164}",2024-09-03 08:00:00,0.0,SETTLEMENT,-0.0153,1.0
20240903_1515,SOL,UP,2024-09-03 15:25:00,0.2058,G2,"{'BTC': 0.8198, 'ETH': 0.9601, 'XRP': 0.7962}",2024-09-03 15:30:00,0.1994,SETTLEMENT,-0.006400000000000017,1.0
20240903_1530,SOL,UP,2024-09-03 15:43:00,0.2856,G2,"{'BTC': 0.7746, 'ETH': 0.8087, 'XRP': 0.7617}",2024-09-03 15:45:00,0.2421,SETTLEMENT,-0.04350000000000001,1.0
20240903_1615,SOL,UP,2024-09-03 16:25:00,0.2544,G2,"{'BTC': 1.0, 'ETH': 0.8832, 'XRP': 0.8564}",2024-09-03 16:30:00,0.2428,SETTLEMENT,-0.011600000000000027,1.0
20240903_1630,SOL,UP,2024-09-03 16:40:00,0.2887,G2,"{'BTC': 0.9007, 'ETH': 0.9371, 'XRP': 0.8171}",2024-09-03 16:45:00,0.3472,SETTLEMENT,0.058499999999999996,1.0
20240903_1645,SOL,UP,2024-09-03 16:55:00,0.3709,G2,"{'BTC': 0.9783, 'ETH': 0.976, 'XRP': 0.7816}",2024-09-03 17:00:00,0.4089,SETTLEMENT,0.03799999999999998,1.0
20240903_1700,SOL,UP,2024-09-03 17:10:00,0.3806,G2,"{'BTC': 1.0, 'ETH': 0.9533, 'XRP': 0.7703}",2024-09-03 17:15:00,0.3946,SETTLEMENT,0.014000000000000012,1.0
20240903_1715,SOL,UP,2024-09-03 17:25:00,0.4588,G2,"{'BTC': 0.9834, 'ETH': 1.0, 'XRP': 0.7689}",2024-09-03 17:30:00,0.4505,SETTLEMENT,-0.008299999999999974,1.0
20240903_1730,SOL,UP,2024-09-03 17:40:00,0.4562,G2,"{'BTC': 0.9348, 'ETH': 0.9715, 'XRP': 0.7643}",2024-09-03 17:45:00,0.4619,SETTLEMENT,0.005699999999999983,1.0
20240903_1945,SOL,UP,2024-09-03 19:56:00,0.4883,G2,"{'BTC': 0.9439, 'ETH': 0.8741, 'XRP': 0.8965}",2024-09-03 20:00:00,0.4539,SETTLEMENT,-0.034399999999999986,1.0
20240903_2030,SOL,UP,2024-09-03 20:42:00,0.4892,G2,"{'BTC': 1.0, 'ETH': 0.8232, 'XRP': 0.858}",2024-09-03 20:45:00,0.4515,SETTLEMENT,-0.03770000000000001,1.0
20240903_2045,SOL,UP,2024-09-03 20:55:00,0.4657,G2,"{'BTC': 0.8977, 'ETH': 0.7907, 'XRP': 0.937}",2024-09-03 21:00:00,0.5362,SETTLEMENT,0.07050000000000001,1.0
20240905_0445,SOL,DOWN,2024-09-05 04:55:00,0.9936,G2,"{'BTC': 0.191, 'ETH': 0.1991, 'XRP': 0.1665}",2024-09-05 05:00:00,0.9967,SETTLEMENT,-0.0030999999999999917,1.0
20240905_0500,SOL,DOWN,2024-09-05 05:10:00,0.9402,G2,"{'BTC': 0.1716, 'ETH': 0.1525, 'XRP': 0.1893}",2024-09-05 05:15:00,0.8358,SETTLEMENT,0.10440000000000005,1.0
20240905_0515,SOL,DOWN,2024-09-05 05:25:00,0.836,G2,"{'BTC': 0.2197, 'ETH': 0.0357, 'XRP': 0.1913}",2024-09-05 05:30:00,0.8336,SETTLEMENT,0.0023999999999999577,1.0
20240905_0530,SOL,DOWN,2024-09-05 05:40:00,0.8643,G2,"{'BTC': 0.2453, 'ETH': 0.0296, 'XRP': 0.1064}",2024-09-05 05:45:00,0.897,SETTLEMENT,-0.03270000000000006,1.0
20240905_0545,SOL,DOWN,2024-09-05 05:55:00,0.8807,G2,"{'BTC': 0.1956, 'ETH': 0.0287, 'XRP': 0.2329}",2024-09-05 06:00:00,0.8328,SETTLEMENT,0.047900000000000054,1.0
20240905_0600,SOL,DOWN,2024-09-05 06:10:00,0.777,G2,"{'BTC': 0.0858, 'ETH': 0.0323, 'XRP': 0.2101}",2024-09-05 06:15:00,0.8582,SETTLEMENT,-0.08119999999999994,1.0
20240905_0615,SOL,DOWN,2024-09-05 06:25:00,1.0,G2,"{'BTC': 0.0924, 'ETH': 0.0, 'XRP': 0.0278}",2024-09-05 06:30:00,0.9988,SETTLEMENT,0.0011999999999999789,1.0
20240905_0630,SOL,DOWN,2024-09-05 06:40:00,0.9778,G2,"{'BTC': 0.0001, 'ETH': 0.0286, 'XRP': 0.0139}",2024-09-05 06:45:00,0.9728,SETTLEMENT,0.0050000000000000044,1.0
20240905_0645,SOL,DOWN,2024-09-05 06:55:00,0.8682,G2,"{'BTC': 0.0282, 'ETH': 0.1529, 'XRP': 0.116}",2024-09-05 07:00:00,0.8425,SETTLEMENT,0.025699999999999945,1.0
20240905_0700,SOL,DOWN,2024-09-05 07:10:00,0.9024,G2,"{'BTC': 0.0, 'ETH': 0.0487, 'XRP': 0.0}",2024-09-05 07:15:00,0.8487,SETTLEMENT,0.05369999999999997,1.0
20240905_0715,SOL,DOWN,2024-09-05 07:25:00,0.8289,G2,"{'BTC': 0.102, 'ETH': 0.1578, 'XRP': 0.0542}",2024-09-05 07:30:00,0.8736,SETTLEMENT,-0.04470000000000007,1.0
20240905_0730,SOL,DOWN,2024-09-05 07:40:00,0.8231,G2,"{'BTC': 0.0684, 'ETH': 0.1162, 'XRP': 0.0825}",2024-09-05 07:45:00,0.7917,SETTLEMENT,0.031400000000000095,1.0
20240905_0745,SOL,DOWN,2024-09-05 07:55:00,0.8828,G2,"{'BTC': 0.2018, 'ETH': 0.1285, 'XRP': 0.0412}",2024-09-05 08:00:00,0.9206,SETTLEMENT,-0.037799999999999945,1.0
20240907_1400,SOL,UP,2024-09-07 14:10:00,0.4973,G2,"{'BTC': 0.9944, 'ETH': 0.794, 'XRP': 0.8769}",2024-09-07 14:15:00,0.5624,SETTLEMENT,0.06509999999999999,1.0
20240910_0315,XRP,UP,2024-09-10 03:25:00,0.3299,G1,"{'BTC': 0.922, 'ETH': 0.7833, 'SOL': 0.9814}",2024-09-10 03:30:00,0.2839,SETTLEMENT,-0.04600000000000004,1.0
20240910_0330,XRP,UP,2024-09-10 03:40:00,0.3344,G1,"{'BTC': 0.9509, 'ETH': 0.8253, 'SOL': 0.9949}",2024-09-10 03:45:00,0.3457,SETTLEMENT,0.011300000000000032,1.0
20240910_0345,XRP,UP,2024-09-10 03:55:00,0.3625,G1,"{'BTC': 1.0, 'ETH': 0.8116, 'SOL': 0.9947}",2024-09-10 04:00:00,0.4297,SETTLEMENT,0.06720000000000004,1.0
20240910_0400,XRP,UP,2024-09-10 04:11:00,0.4858,G1,"{'BTC': 0.9721, 'ETH': 0.8176, 'SOL': 0.9766}",2024-09-10 04:15:00,0.5275,SETTLEMENT,0.04169999999999996,1.0
20240910_0545,XRP,UP,2024-09-10 05:56:00,0.4542,G1,"{'BTC': 0.8216, 'ETH': 0.7786, 'SOL': 0.9935}",2024-09-10 06:00:00,0.4209,SETTLEMENT,-0.033299999999999996,1.0
20240910_1100,XRP,UP,2024-09-10 11:10:00,0.3389,G1,"{'BTC': 0.8091, 'ETH': 0.9224, 'SOL': 0.8139}",2024-09-10 11:15:00,0.3612,SETTLEMENT,0.022300000000000042,1.0
20240910_1845,SOL,UP,2024-09-10 18:57:00,0.4215,G2,"{'BTC': 0.7765, 'ETH': 1.0, 'XRP': 0.7757}",2024-09-10 19:00:00,0.401,SETTLEMENT,-0.020499999999999963,1.0
20240911_0400,XRP,UP,2024-09-11 04:10:00,0.4014,G1,"{'BTC': 0.7974, 'ETH': 0.8796, 'SOL': 0.7659}",2024-09-11 04:15:00,0.4195,SETTLEMENT,0.018100000000000005,1.0
20240911_0415,XRP,UP,2024-09-11 04:25:00,0.3334,G1,"{'BTC': 0.832, 'ETH': 0.7709, 'SOL': 0.8876}",2024-09-11 04:30:00,0.331,SETTLEMENT,-0.0023999999999999577,1.0
20240911_0445,XRP,UP,2024-09-11 04:55:00,0.4858,G1,"{'BTC': 0.9805, 'ETH': 0.8173, 'SOL': 0.9234}",2024-09-11 05:00:00,0.5061,SETTLEMENT,0.020299999999999985,1.0
20240911_2345,SOL,UP,2024-09-11 23:55:00,0.4294,G2,"{'BTC': 0.8707, 'ETH': 0.9251, 'XRP': 0.8007}",2024-09-12 00:00:00,0.4219,SETTLEMENT,-0.007500000000000007,1.0
20240912_0000,SOL,UP,2024-09-12 00:10:00,0.4837,G2,"{'BTC': 0.9721, 'ETH': 0.9759, 'XRP': 0.8744}",2024-09-12 00:15:00,0.4412,SETTLEMENT,-0.04250000000000004,1.0
20240912_0015,SOL,UP,2024-09-12 00:25:00,0.4269,G2,"{'BTC': 0.9389, 'ETH': 0.8968, 'XRP': 0.8029}",2024-09-12 00:30:00,0.437,SETTLEMENT,0.010099999999999998,1.0
20240912_0030,SOL,UP,2024-09-12 00:40:00,0.3683,G2,"{'BTC': 1.0, 'ETH': 0.8298, 'XRP': 0.8813}",2024-09-12 00:45:00,0.4001,SETTLEMENT,0.031799999999999995,1.0
20240912_0045,SOL,UP,2024-09-12 00:55:00,0.4462,G2,"{'BTC': 0.9059, 'ETH': 0.9494, 'XRP': 0.8285}",2024-09-12 01:00:00,0.4684,SETTLEMENT,0.022199999999999998,1.0
20240912_0100,SOL,UP,2024-09-12 01:10:00,0.371,G2,"{'BTC': 0.9086, 'ETH': 0.9413, 'XRP': 0.8841}",2024-09-12 01:15:00,0.4075,SETTLEMENT,0.03649999999999998,1.0
20240912_0115,SOL,UP,2024-09-12 01:25:00,0.4401,G2,"{'BTC': 0.7572, 'ETH': 0.9849, 'XRP': 0.9352}",2024-09-12 01:30:00,0.5258,SETTLEMENT,0.08570000000000005,1.0
20240912_0845,XRP,UP,2024-09-12 08:58:00,0.4978,G1,"{'BTC': 0.8028, 'ETH': 0.7664, 'SOL': 0.8165}",2024-09-12 09:00:00,0.471,SETTLEMENT,-0.026800000000000046,1.0
20240912_0900,XRP,UP,2024-09-12 09:10:00,0.4314,G1,"{'BTC': 0.7822, 'ETH': 0.7585, 'SOL': 0.8867}",2024-09-12 09:15:00,0.4536,SETTLEMENT,0.022199999999999998,1.0
20240912_1200,XRP,UP,2024-09-12 12:10:00,0.1303,G1,"{'BTC': 0.9374, 'ETH': 0.8926, 'SOL': 0.7874}",2024-09-12 12:15:00,0.0793,SETTLEMENT,-0.051000000000000004,1.0
20240912_1215,XRP,UP,2024-09-12 12:25:00,0.0243,G1,"{'BTC': 0.9922, 'ETH': 0.958, 'SOL': 0.7819}",2024-09-12 12:30:00,0.0248,SETTLEMENT,0.0005000000000000004,1.0
20240912_1230,XRP,UP,2024-09-12 12:40:00,0.0625,G1,"{'BTC': 0.978, 'ETH': 0.9622, 'SOL': 0.8388}",2024-09-12 12:45:00,0.1191,SETTLEMENT,0.0566,1.0
20240912_1245,XRP,UP,2024-09-12 12:55:00,0.1222,G1,"{'BTC': 0.9863, 'ETH': 0.8495, 'SOL': 0.9051}",2024-09-12 13:00:00,0.1282,SETTLEMENT,0.006000000000000005,1.0
20240912_1300,XRP,UP,2024-09-12 13:10:00,0.3022,G1,"{'BTC': 0.9357, 'ETH': 0.9821, 'SOL': 0.912}",2024-09-12 13:15:00,0.2754,SETTLEMENT,-0.026800000000000046,1.0
20240912_1315,XRP,UP,2024-09-12 13:25:00,0.1914,G1,"{'BTC': 0.8561, 'ETH': 1.0, 'SOL': 0.8798}",2024-09-12 13:30:00,0.1561,SETTLEMENT,-0.0353,1.0
20240912_1330,XRP,UP,2024-09-12 13:40:00,0.0837,G1,"{'BTC': 0.7816, 'ETH': 1.0, 'SOL': 0.9269}",2024-09-12 13:45:00,0.0699,SETTLEMENT,-0.013799999999999993,1.0
20240912_1345,XRP,UP,2024-09-12 13:55:00,0.0309,G1,"{'BTC': 0.9212, 'ETH': 0.9131, 'SOL': 0.9402}",2024-09-12 14:00:00,0.0,SETTLEMENT,-0.0309,1.0
20240912_1400,XRP,UP,2024-09-12 14:10:00,0.0465,G1,"{'BTC': 0.942, 'ETH': 1.0, 'SOL': 0.9787}",2024-09-12 14:15:00,0.0317,SETTLEMENT,-0.0148,1.0
20240912_1415,XRP,UP,2024-09-12 14:25:00,0.0384,G1,"{'BTC': 1.0, 'ETH': 0.9453, 'SOL': 0.9533}",2024-09-12 14:30:00,0.0373,SETTLEMENT,-0.0010999999999999968,1.0
20240912_1430,XRP,UP,2024-09-12 14:40:00,0.0204,G1,"{'BTC': 0.9742, 'ETH': 0.9549, 'SOL': 0.9077}",2024-09-12 14:45:00,0.03,SETTLEMENT,0.009599999999999997,1.0
20240912_1445,XRP,UP,2024-09-12 14:55:00,0.0271,G1,"{'BTC': 1.0, 'ETH': 0.8622, 'SOL': 0.91}",2024-09-12 15:00:00,0.0454,SETTLEMENT,0.018300000000000004,1.0
20240912_1500,XRP,UP,2024-09-12 15:10:00,0.0797,G1,"{'BTC': 0.9677, 'ETH': 0.8438, 'SOL': 0.8927}",2024-09-12 15:15:00,0.1221,SETTLEMENT,0.04240000000000001,1.0
20240912_1515,XRP,UP,2024-09-12 15:25:00,0.0908,G1,"{'BTC': 0.9442, 'ETH': 0.7756, 'SOL': 0.9492}",2024-09-12 15:30:00,0.1396,SETTLEMENT,0.048799999999999996,1.0
20240912_1530,XRP,UP,2024-09-12 15:40:00,0.0558,G1,"{'BTC': 0.9258, 'ETH': 0.7878, 'SOL': 1.0}",2024-09-12 15:45:00,0.0873,SETTLEMENT,0.0315,1.0
20240912_1545,XRP,UP,2024-09-12 15:55:00,0.1404,G1,"{'BTC': 0.9066, 'ETH': 0.8316, 'SOL': 0.9727}",2024-09-12 16:00:00,0.117,SETTLEMENT,-0.02339999999999999,1.0
20240912_1600,XRP,UP,2024-09-12 16:10:00,0.1144,G1,"{'BTC': 0.8507, 'ETH': 0.9506, 'SOL': 0.9318}",2024-09-12 16:15:00,0.1448,SETTLEMENT,0.03040000000000001,1.0
20240912_1615,XRP,UP,2024-09-12 16:25:00,0.0897,G1,"{'BTC': 0.846, 'ETH': 1.0, 'SOL': 0.7837}",2024-09-12 16:30:00,0.071,SETTLEMENT,-0.01870000000000001,1.0
20240912_1630,XRP,UP,2024-09-12 16:40:00,0.0244,G1,"{'BTC': 0.828, 'ETH': 0.8654, 'SOL': 0.8401}",2024-09-12 16:45:00,0.0,SETTLEMENT,-0.0244,1.0
20240912_1645,XRP,UP,2024-09-12 16:55:00,0.0214,G1,"{'BTC': 0.7917, 'ETH': 0.9675, 'SOL': 0.7918}",2024-09-12 17:00:00,0.0128,SETTLEMENT,-0.008599999999999998,1.0
20240912_1700,XRP,UP,2024-09-12 17:10:00,0.1218,G1,"{'BTC': 0.8754, 'ETH': 0.8887, 'SOL': 0.7772}",2024-09-12 17:15:00,0.0414,SETTLEMENT,-0.0804,1.0
20240912_1745,XRP,UP,2024-09-12 17:55:00,0.0069,G1,"{'BTC': 0.9796, 'ETH': 0.7544, 'SOL': 0.7857}",2024-09-12 18:00:00,0.0096,SETTLEMENT,0.0026999999999999993,1.0
20240912_1800,XRP,UP,2024-09-12 18:10:00,0.062,G1,"{'BTC': 1.0, 'ETH': 0.8395, 'SOL': 0.8667}",2024-09-12 18:15:00,0.1117,SETTLEMENT,0.049699999999999994,1.0
20240912_1815,XRP,UP,2024-09-12 18:25:00,0.1353,G1,"{'BTC': 0.9427, 'ETH': 0.9422, 'SOL': 0.7553}",2024-09-12 18:30:00,0.1177,SETTLEMENT,-0.017600000000000005,1.0
20240912_1830,XRP,UP,2024-09-12 18:40:00,0.1415,G1,"{'BTC': 1.0, 'ETH': 1.0, 'SOL': 0.7834}",2024-09-12 18:45:00,0.1105,SETTLEMENT,-0.030999999999999986,1.0
20240912_1915,XRP,UP,2024-09-12 19:25:00,0.1708,G1,"{'BTC': 0.8792, 'ETH': 0.9412, 'SOL': 0.8054}",2024-09-12 19:30:00,0.1222,SETTLEMENT,-0.048600000000000004,1.0
20240912_1930,XRP,UP,2024-09-12 19:40:00,0.0679,G1,"{'BTC': 0.8999, 'ETH': 0.8718, 'SOL': 0.8898}",2024-09-12 19:45:00,0.0,SETTLEMENT,-0.0679,1.0
20240912_1945,XRP,UP,2024-09-12 19:55:00,0.0873,G1,"{'BTC': 1.0, 'ETH': 0.84, 'SOL': 0.828}",2024-09-12 20:00:00,0.0415,SETTLEMENT,-0.0458,1.0
20240912_2000,XRP,UP,2024-09-12 20:10:00,0.0,G1,"{'BTC': 0.9775, 'ETH': 0.8332, 'SOL': 0.8449}",2024-09-12 20:15:00,0.0,SETTLEMENT,0.0,1.0
20240912_2015,XRP,UP,2024-09-12 20:25:00,0.0348,G1,"{'BTC': 0.9682, 'ETH': 0.7793, 'SOL': 0.9683}",2024-09-12 20:30:00,0.0428,SETTLEMENT,0.008,1.0
20240912_2030,XRP,UP,2024-09-12 20:40:00,0.0,G1,"{'BTC': 0.9678, 'ETH': 0.8434, 'SOL': 0.9172}",2024-09-12 20:45:00,0.0631,SETTLEMENT,0.0631,1.0
20240913_2045,XRP,UP,2024-09-13 20:56:00,0.0717,G1,"{'BTC': 0.873, 'ETH': 0.7541, 'SOL': 0.8}",2024-09-13 21:00:00,0.1,SETTLEMENT,0.028300000000000006,1.0
20240913_2100,XRP,UP,2024-09-13 21:10:00,0.1839,G1,"{'BTC': 0.7847, 'ETH': 0.8193, 'SOL': 0.8691}",2024-09-13 21:15:00,0.2038,SETTLEMENT,0.0199,1.0
20240913_2130,XRP,UP,2024-09-13 21:40:00,0.1446,G1,"{'BTC': 0.8256, 'ETH': 0.7772, 'SOL': 0.8282}",2024-09-13 21:45:00,0.1609,SETTLEMENT,0.01629999999999998,1.0
20240914_1030,XRP,DOWN,2024-09-14 10:40:00,0.5082,G1,"{'BTC': 0.1796, 'ETH': 0.0356, 'SOL': 0.246}",2024-09-14 10:45:00,0.5131,SETTLEMENT,-0.0049000000000000155,1.0
20240914_1145,SOL,DOWN,2024-09-14 11:58:00,0.5752,G2,"{'BTC': 0.0317, 'ETH': 0.0091, 'XRP': 0.2478}",2024-09-14 12:00:00,0.6019,SETTLEMENT,-0.026699999999999946,1.0
20240915_0900,XRP,DOWN,2024-09-15 09:10:00,0.95,G1,"{'BTC': 0.0039, 'ETH': 0.0267, 'SOL': 0.1436}",2024-09-15 09:15:00,0.9946,SETTLEMENT,-0.044600000000000084,1.0
20240915_0915,XRP,DOWN,2024-09-15 09:25:00,0.8773,G1,"{'BTC': 0.0, 'ETH': 0.002, 'SOL': 0.1343}",2024-09-15 09:30:00,0.8707,SETTLEMENT,0.006599999999999939,1.0
20240915_0930,XRP,DOWN,2024-09-15 09:40:00,0.7982,G1,"{'BTC': 0.1358, 'ETH': 0.0881, 'SOL': 0.0574}",2024-09-15 09:45:00,0.8022,SETTLEMENT,-0.0040000000000000036,1.0
20240915_0945,XRP,DOWN,2024-09-15 09:55:00,0.8639,G1,"{'BTC': 0.167, 'ETH': 0.1911, 'SOL': 0.0374}",2024-09-15 10:00:00,0.8558,SETTLEMENT,0.008099999999999996,1.0
20240915_1000,XRP,DOWN,2024-09-15 10:10:00,0.931,G1,"{'BTC': 0.2131, 'ETH': 0.1826, 'SOL': 0.0747}",2024-09-15 10:15:00,0.9327,SETTLEMENT,-0.0016999999999999238,1.0
20240915_1015,XRP,DOWN,2024-09-15 10:25:00,0.9862,G1,"{'BTC': 0.1805, 'ETH': 0.1612, 'SOL': 0.0213}",2024-09-15 10:30:00,0.962,SETTLEMENT,0.0242,1.0
20240915_1030,XRP,DOWN,2024-09-15 10:40:00,0.9888,G1,"{'BTC': 0.1911, 'ETH': 0.1576, 'SOL': 0.0352}",2024-09-15 10:45:00,0.9854,SETTLEMENT,0.0033999999999999586,1.0
20240915_1045,XRP,DOWN,2024-09-15 10:55:00,0.9978,G1,"{'BTC': 0.0883, 'ETH': 0.1506, 'SOL': 0.0}",2024-09-15 11:00:00,0.9846,SETTLEMENT,0.01319999999999999,1.0
20240915_1100,XRP,DOWN,2024-09-15 11:10:00,0.9792,G1,"{'BTC': 0.0812, 'ETH': 0.0847, 'SOL': 0.0}",2024-09-15 11:15:00,0.9054,SETTLEMENT,0.07379999999999998,1.0
20240915_1115,XRP,DOWN,2024-09-15 11:25:00,0.9692,G1,"{'BTC': 0.11, 'ETH': 0.1617, 'SOL': 0.1432}",2024-09-15 11:30:00,1.0,SETTLEMENT,-0.03080000000000005,1.0
20240916_0115,XRP,DOWN,2024-09-16 01:25:00,0.584,G1,"{'BTC': 0.0466, 'ETH': 0.0756, 'SOL': 0.1387}",2024-09-16 01:30:00,0.5299,SETTLEMENT,0.054099999999999926,1.0
20240916_0130,XRP,DOWN,2024-09-16 01:40:00,0.5814,G1,"{'BTC': 0.0375, 'ETH': 0.047, 'SOL': 0.0588}",2024-09-16 01:45:00,0.6431,SETTLEMENT,-0.06169999999999998,1.0
20240916_0145,XRP,DOWN,2024-09-16 01:55:00,0.5305,G1,"{'BTC': 0.1646, 'ETH': 0.1208, 'SOL': 0.0082}",2024-09-16 02:00:00,0.5086,SETTLEMENT,0.02189999999999992,1.0
20240917_2315,SOL,DOWN,2024-09-17 23:25:00,0.6017,G2,"{'BTC': 0.1721, 'ETH': 0.2416, 'XRP': 0.2368}",2024-09-17 23:30:00,0.6162,SETTLEMENT,-0.014499999999999957,1.0
20240917_2330,SOL,DOWN,2024-09-17 23:40:00,0.7076,G2,"{'BTC': 0.0948, 'ETH': 0.2401, 'XRP': 0.1528}",2024-09-17 23:45:00,0.69,SETTLEMENT,0.01760000000000006,1.0
20240918_0045,SOL,DOWN,2024-09-18 00:55:00,0.6856,G2,"{'BTC': 0.2256, 'ETH': 0.2405, 'XRP': 0.1707}",2024-09-18 01:00:00,0.6323,SETTLEMENT,0.053300000000000014,1.0
20240918_0100,SOL,DOWN,2024-09-18 01:10:00,0.5458,G2,"{'BTC': 0.1776, 'ETH': 0.1258, 'XRP': 0.1561}",2024-09-18 01:15:00,0.5676,SETTLEMENT,-0.02180000000000004,1.0
20240918_0115,SOL,DOWN,2024-09-18 01:25:00,0.6507,G2,"{'BTC': 0.1556, 'ETH': 0.1775, 'XRP': 0.1782}",2024-09-18 01:30:00,0.6717,SETTLEMENT,-0.02100000000000002,1.0
20240918_0130,SOL,DOWN,2024-09-18 01:40:00,0.7097,G2,"{'BTC': 0.0395, 'ETH': 0.1334, 'XRP': 0.2311}",2024-09-18 01:45:00,0.769,SETTLEMENT,-0.05930000000000002,1.0
20240918_0145,SOL,DOWN,2024-09-18 01:55:00,0.7675,G2,"{'BTC': 0.0258, 'ETH': 0.125, 'XRP': 0.1748}",2024-09-18 02:00:00,0.7477,SETTLEMENT,0.01979999999999993,1.0
20240918_0200,SOL,DOWN,2024-09-18 02:10:00,0.7259,G2,"{'BTC': 0.0807, 'ETH': 0.2002, 'XRP': 0.1189}",2024-09-18 02:15:00,0.7157,SETTLEMENT,0.010199999999999987,1.0
20240918_0215,SOL,DOWN,2024-09-18 02:25:00,0.7119,G2,"{'BTC': 0.1468, 'ETH': 0.1945, 'XRP': 0.13}",2024-09-18 02:30:00,0.7719,SETTLEMENT,-0.06000000000000005,1.0
20240918_0230,SOL,DOWN,2024-09-18 02:40:00,0.7556,G2,"{'BTC': 0.1648, 'ETH': 0.2001, 'XRP': 0.1035}",2024-09-18 02:45:00,0.7485,SETTLEMENT,0.007099999999999995,1.0
20240918_0400,SOL,DOWN,2024-09-18 04:13:00,0.762,G2,"{'BTC': 0.0666, 'ETH': 0.2015, 'XRP': 0.241}",2024-09-18 04:15:00,0.7606,SETTLEMENT,0.0013999999999999568,1.0
20240918_0445,SOL,DOWN,2024-09-18 04:55:00,0.9168,G2,"{'BTC': 0.0528, 'ETH': 0.0908, 'XRP': 0.2249}",2024-09-18 05:00:00,0.931,SETTLEMENT,-0.014200000000000101,1.0
20240918_0600,SOL,DOWN,2024-09-18 06:10:00,0.9741,G2,"{'BTC': 0.0058, 'ETH': 0.1111, 'XRP': 0.1203}",2024-09-18 06:15:00,0.9273,SETTLEMENT,0.04679999999999995,1.0
20240918_0615,SOL,DOWN,2024-09-18 06:25:00,0.9746,G2,"{'BTC': 0.0, 'ETH': 0.0921, 'XRP': 0.1816}",2024-09-18 06:30:00,1.0,SETTLEMENT,-0.025399999999999978,1.0
20240919_0600,SOL,DOWN,2024-09-19 06:10:00,0.9462,G2,"{'BTC': 0.2281, 'ETH': 0.1596, 'XRP': 0.0}",2024-09-19 06:15:00,0.8953,SETTLEMENT,0.050900000000000056,1.0
20240919_0615,SOL,DOWN,2024-09-19 06:25:00,0.9001,G2,"{'BTC': 0.1024, 'ETH': 0.1869, 'XRP': 0.0228}",2024-09-19 06:30:00,0.9061,SETTLEMENT,-0.006000000000000005,1.0
20240919_0815,SOL,DOWN,2024-09-19 08:25:00,0.7966,G2,"{'BTC': 0.1534, 'ETH': 0.2414, 'XRP': 0.1005}",2024-09-19 08:30:00,0.7186,SETTLEMENT,0.07799999999999996,1.0
20240919_0830,SOL,DOWN,2024-09-19 08:40:00,0.6845,G2,"{'BTC': 0.158, 'ETH': 0.2241, 'XRP': 0.0798}",2024-09-19 08:45:00,0.7669,SETTLEMENT,-0.08240000000000003,1.0
20240919_0845,SOL,DOWN,2024-09-19 08:55:00,0.7697,G2,"{'BTC': 0.1647, 'ETH': 0.1725, 'XRP': 0.1534}",2024-09-19 09:00:00,0.7451,SETTLEMENT,0.024600000000000066,1.0
20240919_0900,SOL,DOWN,2024-09-19 09:10:00,0.7823,G2,"{'BTC': 0.1297, 'ETH': 0.1627, 'XRP': 0.2043}",2024-09-19 09:15:00,0.8222,SETTLEMENT,-0.03990000000000005,1.0
20240920_1845,SOL,UP,2024-09-20 18:57:00,0.2974,G2,"{'BTC': 0.8288, 'ETH': 0.7551, 'XRP': 0.8196}",2024-09-20 19:00:00,0.3126,SETTLEMENT,0.015199999999999991,1.0
20240920_1915,SOL,UP,2024-09-20 19:25:00,0.2402,G2,"{'BTC': 0.7648, 'ETH': 0.8725, 'XRP': 0.8318}",2024-09-20 19:30:00,0.2622,SETTLEMENT,0.021999999999999992,1.0
20240920_1930,SOL,UP,2024-09-20 19:40:00,0.1789,G2,"{'BTC': 0.9223, 'ETH': 0.8404, 'XRP': 0.7773}",2024-09-20 19:45:00,0.1162,SETTLEMENT,-0.0627,1.0
20240920_1945,SOL,UP,2024-09-20 19:55:00,0.1155,G2,"{'BTC': 0.9237, 'ETH': 0.8548, 'XRP': 0.8253}",2024-09-20 20:00:00,0.1148,SETTLEMENT,-0.0007000000000000062,1.0
20240920_2000,SOL,UP,2024-09-20 20:10:00,0.1595,G2,"{'BTC': 0.8654, 'ETH': 0.9343, 'XRP': 0.7926}",2024-09-20 20:15:00,0.1433,SETTLEMENT,-0.016199999999999992,1.0
20240920_2015,SOL,UP,2024-09-20 20:25:00,0.1718,G2,"{'BTC': 0.8971, 'ETH': 0.8766, 'XRP': 0.7505}",2024-09-20 20:30:00,0.1902,SETTLEMENT,0.0184,1.0
20240926_1745,XRP,DOWN,2024-09-26 17:57:00,0.986,G1,"{'BTC': 0.0717, 'ETH': 0.2452, 'SOL': 0.1075}",2024-09-26 18:00:00,1.0,SETTLEMENT,-0.014000000000000012,1.0
20240926_1800,XRP,DOWN,2024-09-26 18:10:00,0.9755,G1,"{'BTC': 0.0056, 'ETH': 0.1307, 'SOL': 0.0281}",2024-09-26 18:15:00,0.9206,SETTLEMENT,0.05490000000000006,1.0
20240926_1815,XRP,DOWN,2024-09-26 18:25:00,0.9472,G1,"{'BTC': 0.0271, 'ETH': 0.1919, 'SOL': 0.1186}",2024-09-26 18:30:00,0.8973,SETTLEMENT,0.049900000000000055,1.0
20240926_1830,XRP,DOWN,2024-09-26 18:40:00,0.8791,G1,"{'BTC': 0.0498, 'ETH': 0.2243, 'SOL': 0.074}",2024-09-26 18:45:00,0.8311,SETTLEMENT,0.04800000000000004,1.0
20240926_1845,XRP,DOWN,2024-09-26 18:55:00,0.7781,G1,"{'BTC': 0.0151, 'ETH': 0.2492, 'SOL': 0.0125}",2024-09-26 19:00:00,0.6387,SETTLEMENT,0.13939999999999997,1.0
20240926_1900,XRP,DOWN,2024-09-26 19:10:00,0.67,G1,"{'BTC': 0.0, 'ETH': 0.1808, 'SOL': 0.0251}",2024-09-26 19:15:00,0.6681,SETTLEMENT,0.0019000000000000128,1.0
20240926_1915,XRP,DOWN,2024-09-26 19:25:00,0.5965,G1,"{'BTC': 0.0338, 'ETH': 0.081, 'SOL': 0.0869}",2024-09-26 19:30:00,0.6451,SETTLEMENT,-0.04859999999999998,1.0
20240926_1930,XRP,DOWN,2024-09-26 19:40:00,0.6169,G1,"{'BTC': 0.1115, 'ETH': 0.0747, 'SOL': 0.0923}",2024-09-26 19:45:00,0.5667,SETTLEMENT,0.05020000000000002,1.0
20240926_1945,XRP,DOWN,2024-09-26 19:55:00,0.5648,G1,"{'BTC': 0.0977, 'ETH': 0.1031, 'SOL': 0.0122}",2024-09-26 20:00:00,0.6052,SETTLEMENT,-0.04039999999999999,1.0
20240927_0400,SOL,UP,2024-09-27 04:10:00,0.1735,G2,"{'BTC': 0.9611, 'ETH': 0.7595, 'XRP': 0.8306}",2024-09-27 04:15:00,0.1174,SETTLEMENT,-0.05609999999999998,1.0
20240927_0430,SOL,UP,2024-09-27 04:40:00,0.1142,G2,"{'BTC': 0.9752, 'ETH': 0.7668, 'XRP': 0.7764}",2024-09-27 04:45:00,0.1399,SETTLEMENT,0.0257,1.0
20240927_0445,SOL,UP,2024-09-27 04:55:00,0.1797,G2,"{'BTC': 0.9722, 'ETH': 0.8328, 'XRP': 0.7741}",2024-09-27 05:00:00,0.1504,SETTLEMENT,-0.029299999999999993,1.0
20240927_0500,SOL,UP,2024-09-27 05:10:00,0.1788,G2,"{'BTC': 0.843, 'ETH': 0.8252, 'XRP': 0.7884}",2024-09-27 05:15:00,0.1174,SETTLEMENT,-0.06139999999999998,1.0
20240927_0515,SOL,UP,2024-09-27 05:25:00,0.1385,G2,"{'BTC': 0.8256, 'ETH': 0.7659, 'XRP': 0.7792}",2024-09-27 05:30:00,0.184,SETTLEMENT,0.045499999999999985,1.0
20240927_0530,SOL,UP,2024-09-27 05:43:00,0.1799,G2,"{'BTC': 0.875, 'ETH': 0.7523, 'XRP': 0.8553}",2024-09-27 05:45:00,0.1791,SETTLEMENT,-0.0007999999999999952,1.0
20240930_0645,XRP,DOWN,2024-09-30 06:57:00,0.8806,G1,"{'BTC': 0.2457, 'ETH': 0.1675, 'SOL': 0.0252}",2024-09-30 07:00:00,0.834,SETTLEMENT,0.046600000000000086,1.0
20240930_0700,XRP,DOWN,2024-09-30 07:10:00,0.8918,G1,"{'BTC': 0.2258, 'ETH': 0.0, 'SOL': 0.0633}",2024-09-30 07:15:00,0.9331,SETTLEMENT,-0.0413,1.0
20240930_1200,XRP,DOWN,2024-09-30 12:10:00,0.6408,G1,"{'BTC': 0.1553, 'ETH': 0.0, 'SOL': 0.1232}",2024-09-30 12:15:00,0.6323,SETTLEMENT,0.008500000000000063,1.0
20240930_1215,XRP,DOWN,2024-09-30 12:25:00,0.6196,G1,"{'BTC': 0.0987, 'ETH': 0.0491, 'SOL': 0.0447}",2024-09-30 12:30:00,0.6515,SETTLEMENT,-0.03189999999999993,1.0
20240930_1230,XRP,DOWN,2024-09-30 12:40:00,0.6577,G1,"{'BTC': 0.0216, 'ETH': 0.0446, 'SOL': 0.0}",2024-09-30 12:45:00,0.6429,SETTLEMENT,0.014799999999999924,1.0
20240930_1245,XRP,DOWN,2024-09-30 12:55:00,0.6651,G1,"{'BTC': 0.1046, 'ETH': 0.1765, 'SOL': 0.0045}",2024-09-30 13:00:00,0.6689,SETTLEMENT,-0.0038000000000000256,1.0
20240930_1300,XRP,DOWN,2024-09-30 13:10:00,0.7097,G1,"{'BTC': 0.2211, 'ETH': 0.0613, 'SOL': 0.0854}",2024-09-30 13:15:00,0.7377,SETTLEMENT,-0.028000000000000025,1.0
20240930_1345,XRP,DOWN,2024-09-30 13:56:00,0.6194,G1,"{'BTC': 0.2345, 'ETH': 0.0203, 'SOL': 0.0384}",2024-09-30 14:00:00,0.5955,SETTLEMENT,0.02389999999999992,1.0
20240930_1400,XRP,DOWN,2024-09-30 14:10:00,0.6297,G1,"{'BTC': 0.1979, 'ETH': 0.0539, 'SOL': 0.0974}",2024-09-30 14:15:00,0.5946,SETTLEMENT,0.03510000000000002,1.0
20240930_1415,XRP,DOWN,2024-09-30 14:25:00,0.5311,G1,"{'BTC': 0.1647, 'ETH': 0.0692, 'SOL': 0.1557}",2024-09-30 14:30:00,0.5927,SETTLEMENT,-0.06159999999999999,1.0
20240930_1430,XRP,DOWN,2024-09-30 14:40:00,0.5881,G1,"{'BTC': 0.0482, 'ETH': 0.0, 'SOL': 0.0833}",2024-09-30 14:45:00,0.5705,SETTLEMENT,0.01759999999999995,1.0
20240930_1445,XRP,DOWN,2024-09-30 14:55:00,0.5098,G1,"{'BTC': 0.1232, 'ETH': 0.0474, 'SOL': 0.215}",2024-09-30 15:00:00,0.479,SETTLEMENT,0.03080000000000005,1.0
20240930_1800,XRP,DOWN,2024-09-30 18:10:00,0.546,G1,"{'BTC': 0.0111, 'ETH': 0.1875, 'SOL': 0.2227}",2024-09-30 18:15:00,0.5441,SETTLEMENT,0.0019000000000000128,1.0
20240930_1815,XRP,DOWN,2024-09-30 18:25:00,0.5462,G1,"{'BTC': 0.0316, 'ETH': 0.143, 'SOL': 0.0758}",2024-09-30 18:30:00,0.6129,SETTLEMENT,-0.06669999999999998,1.0
20240930_1830,XRP,DOWN,2024-09-30 18:40:00,0.6125,G1,"{'BTC': 0.1383, 'ETH': 0.1241, 'SOL': 0.2176}",2024-09-30 18:45:00,0.6538,SETTLEMENT,-0.0413,1.0
20240930_1845,XRP,DOWN,2024-09-30 18:55:00,0.6423,G1,"{'BTC': 0.211, 'ETH': 0.2349, 'SOL': 0.2474}",2024-09-30 19:00:00,0.6851,SETTLEMENT,-0.04280000000000006,1.0
20241001_1215,SOL,DOWN,2024-10-01 12:25:00,0.5256,G2,"{'BTC': 0.0351, 'ETH': 0.1953, 'XRP': 0.1067}",2024-10-01 12:30:00,0.524,SETTLEMENT,0.0015999999999999348,1.0
20241001_1230,SOL,DOWN,2024-10-01 12:40:00,0.606,G2,"{'BTC': 0.051, 'ETH': 0.0761, 'XRP': 0.0667}",2024-10-01 12:45:00,0.5852,SETTLEMENT,0.02079999999999993,1.0
20241001_1245,SOL,DOWN,2024-10-01 12:55:00,0.5629,G2,"{'BTC': 0.0234, 'ETH': 0.1241, 'XRP': 0.0909}",2024-10-01 13:00:00,0.5873,SETTLEMENT,-0.02440000000000009,1.0
20241001_1300,SOL,DOWN,2024-10-01 13:10:00,0.6152,G2,"{'BTC': 0.0812, 'ETH': 0.0797, 'XRP': 0.0956}",2024-10-01 13:15:00,0.6138,SETTLEMENT,0.0013999999999999568,1.0
20241001_1315,SOL,DOWN,2024-10-01 13:25:00,0.6416,G2,"{'BTC': 0.0476, 'ETH': 0.0958, 'XRP': 0.1161}",2024-10-01 13:30:00,0.5912,SETTLEMENT,0.0504,1.0
20241001_1330,SOL,DOWN,2024-10-01 13:40:00,0.5966,G2,"{'BTC': 0.1269, 'ETH': 0.1122, 'XRP': 0.1251}",2024-10-01 13:45:00,0.5892,SETTLEMENT,0.007400000000000073,1.0
20241006_1245,XRP,DOWN,2024-10-06 12:55:00,0.7122,G1,"{'BTC': 0.2413, 'ETH': 0.2115, 'SOL': 0.1121}",2024-10-06 13:00:00,0.6341,SETTLEMENT,0.07810000000000006,1.0
20241009_1245,XRP,UP,2024-10-09 12:58:00,0.496,G1,"{'BTC': 0.7582, 'ETH': 0.9154, 'SOL': 0.8179}",2024-10-09 13:00:00,0.5083,SETTLEMENT,0.012299999999999978,1.0
20241009_1330,XRP,UP,2024-10-09 13:43:00,0.4984,G1,"{'BTC': 0.7848, 'ETH': 0.9743, 'SOL': 0.7584}",2024-10-09 13:45:00,0.4907,SETTLEMENT,-0.007699999999999985,1.0
20241010_1500,SOL,UP,2024-10-10 15:10:00,0.0533,G2,"{'BTC': 0.7553, 'ETH': 0.8997, 'XRP': 0.8156}",2024-10-10 15:15:00,0.1107,SETTLEMENT,0.05740000000000001,1.0
20241010_1515,SOL,UP,2024-10-10 15:25:00,0.0869,G2,"{'BTC': 0.7911, 'ETH': 0.8896, 'XRP': 0.8802}",2024-10-10 15:30:00,0.1092,SETTLEMENT,0.0223,1.0
20241010_1530,SOL,UP,2024-10-10 15:40:00,0.2317,G2,"{'BTC': 0.8107, 'ETH': 0.9718, 'XRP': 0.9949}",2024-10-10 15:45:00,0.2258,SETTLEMENT,-0.005899999999999989,1.0
20241010_1545,SOL,UP,2024-10-10 15:55:00,0.2251,G2,"{'BTC': 0.7959, 'ETH': 0.9944, 'XRP': 0.8602}",2024-10-10 16:00:00,0.27,SETTLEMENT,0.04490000000000002,1.0
20241010_1600,SOL,UP,2024-10-10 16:10:00,0.2548,G2,"{'BTC': 0.782, 'ETH': 0.9448, 'XRP': 0.8298}",2024-10-10 16:15:00,0.2864,SETTLEMENT,0.03159999999999996,1.0
20241010_1615,SOL,UP,2024-10-10 16:25:00,0.2137,G2,"{'BTC': 0.8197, 'ETH': 0.8429, 'XRP': 0.8158}",2024-10-10 16:30:00,0.1547,SETTLEMENT,-0.059,1.0
20241010_1630,SOL,UP,2024-10-10 16:40:00,0.2716,G2,"{'BTC': 0.9484, 'ETH': 0.8195, 'XRP': 0.8578}",2024-10-10 16:45:00,0.2158,SETTLEMENT,-0.055800000000000016,1.0
20241010_1645,SOL,UP,2024-10-10 16:55:00,0.3056,G2,"{'BTC': 0.8884, 'ETH': 0.8152, 'XRP': 0.8328}",2024-10-10 17:00:00,0.3213,SETTLEMENT,0.015699999999999992,1.0
20241010_1845,SOL,UP,2024-10-10 18:55:00,0.0,G2,"{'BTC': 0.8807, 'ETH': 0.9848, 'XRP': 0.7764}",2024-10-10 19:00:00,0.0195,SETTLEMENT,0.0195,1.0
20241012_0845,XRP,UP,2024-10-12 08:55:00,0.3475,G1,"{'BTC': 0.8074, 'ETH': 0.9096, 'SOL': 0.9015}",2024-10-12 09:00:00,0.3313,SETTLEMENT,-0.016199999999999992,1.0
20241012_0900,XRP,UP,2024-10-12 09:10:00,0.4277,G1,"{'BTC': 0.7832, 'ETH': 0.9138, 'SOL': 0.8957}",2024-10-12 09:15:00,0.3765,SETTLEMENT,-0.05120000000000002,1.0
20241012_0915,XRP,UP,2024-10-12 09:25:00,0.3638,G1,"{'BTC': 0.8264, 'ETH': 0.8918, 'SOL': 0.8403}",2024-10-12 09:30:00,0.4056,SETTLEMENT,0.041800000000000004,1.0
20241012_0930,XRP,UP,2024-10-12 09:43:00,0.4943,G1,"{'BTC': 0.7781, 'ETH': 0.9857, 'SOL': 0.7885}",2024-10-12 09:45:00,0.5073,SETTLEMENT,0.012999999999999956,1.0
20241012_1330,SOL,UP,2024-10-12 13:40:00,0.1593,G2,"{'BTC': 0.7848, 'ETH': 0.8273, 'XRP': 0.9704}",2024-10-12 13:45:00,0.2033,SETTLEMENT,0.04400000000000001,1.0
20241012_1345,SOL,UP,2024-10-12 13:55:00,0.1248,G2,"{'BTC': 0.7814, 'ETH': 0.7923, 'XRP': 0.8579}",2024-10-12 14:00:00,0.2042,SETTLEMENT,0.0794,1.0
20241012_1400,SOL,UP,2024-10-12 14:10:00,0.1687,G2,"{'BTC': 0.8784, 'ETH': 0.8788, 'XRP': 0.8758}",2024-10-12 14:15:00,0.2029,SETTLEMENT,0.03420000000000001,1.0
20241012_1415,SOL,UP,2024-10-12 14:25:00,0.2041,G2,"{'BTC': 0.7673, 'ETH': 0.9683, 'XRP': 0.8709}",2024-10-12 14:30:00,0.2193,SETTLEMENT,0.015199999999999991,1.0
20241012_1430,SOL,UP,2024-10-12 14:40:00,0.1262,G2,"{'BTC': 0.8376, 'ETH': 1.0, 'XRP': 0.8254}",2024-10-12 14:45:00,0.1348,SETTLEMENT,0.008599999999999997,1.0
20241012_1445,SOL,UP,2024-10-12 14:55:00,0.0809,G2,"{'BTC': 0.8281, 'ETH': 0.8199, 'XRP': 0.7601}",2024-10-12 15:00:00,0.0497,SETTLEMENT,-0.0312,1.0
20241013_0945,XRP,UP,2024-10-13 09:57:00,0.4376,G1,"{'BTC': 0.846, 'ETH': 0.8989, 'SOL': 0.7679}",2024-10-13 10:00:00,0.4464,SETTLEMENT,0.00880000000000003,1.0
20241013_1030,XRP,UP,2024-10-13 10:42:00,0.4376,G1,"{'BTC': 0.7803, 'ETH': 0.9391, 'SOL': 0.7515}",2024-10-13 10:45:00,0.4252,SETTLEMENT,-0.012399999999999967,1.0
20241013_1045,XRP,UP,2024-10-13 10:55:00,0.3896,G1,"{'BTC': 0.7775, 'ETH': 0.9175, 'SOL': 0.8262}",2024-10-13 11:00:00,0.3882,SETTLEMENT,-0.0014000000000000123,1.0
20241013_1100,XRP,UP,2024-10-13 11:10:00,0.4502,G1,"{'BTC': 0.8872, 'ETH': 1.0, 'SOL': 0.8406}",2024-10-13 11:15:00,0.4649,SETTLEMENT,0.01469999999999999,1.0
20241013_1115,XRP,UP,2024-10-13 11:25:00,0.4289,G1,"{'BTC': 1.0, 'ETH': 0.8216, 'SOL': 0.9823}",2024-10-13 11:30:00,0.4217,SETTLEMENT,-0.007199999999999984,1.0
20241013_1130,XRP,UP,2024-10-13 11:40:00,0.3889,G1,"{'BTC': 0.9846, 'ETH': 0.8823, 'SOL': 0.8156}",2024-10-13 11:45:00,0.3131,SETTLEMENT,-0.07580000000000003,1.0
20241013_1145,XRP,UP,2024-10-13 11:55:00,0.3683,G1,"{'BTC': 0.8236, 'ETH': 0.9254, 'SOL': 0.752}",2024-10-13 12:00:00,0.2859,SETTLEMENT,-0.08240000000000003,1.0
20241014_1130,XRP,UP,2024-10-14 11:40:00,0.2381,G1,"{'BTC': 0.8998, 'ETH': 0.8581, 'SOL': 0.8161}",2024-10-14 11:45:00,0.261,SETTLEMENT,0.022900000000000004,1.0
20241014_1145,XRP,UP,2024-10-14 11:55:00,0.3564,G1,"{'BTC': 0.9793, 'ETH': 1.0, 'SOL': 0.8383}",2024-10-14 12:00:00,0.3858,SETTLEMENT,0.02939999999999998,1.0
20241014_1200,XRP,UP,2024-10-14 12:10:00,0.3568,G1,"{'BTC': 0.9812, 'ETH': 0.9391, 'SOL': 0.8022}",2024-10-14 12:15:00,0.3608,SETTLEMENT,0.0040000000000000036,1.0
20241014_1215,XRP,UP,2024-10-14 12:25:00,0.3461,G1,"{'BTC': 0.9876, 'ETH': 0.8787, 'SOL': 0.9486}",2024-10-14 12:30:00,0.2845,SETTLEMENT,-0.061600000000000044,1.0
20241014_1230,XRP,UP,2024-10-14 12:40:00,0.3633,G1,"{'BTC': 0.9967, 'ETH': 0.8538, 'SOL': 0.9579}",2024-10-14 12:45:00,0.3477,SETTLEMENT,-0.015600000000000003,1.0
20241014_1245,XRP,UP,2024-10-14 12:55:00,0.4476,G1,"{'BTC': 0.9037, 'ETH': 0.9932, 'SOL': 0.9392}",2024-10-14 13:00:00,0.4267,SETTLEMENT,-0.020899999999999974,1.0
20241014_1300,XRP,UP,2024-10-14 13:10:00,0.4638,G1,"{'BTC': 0.9425, 'ETH': 0.9505, 'SOL': 1.0}",2024-10-14 13:15:00,0.4401,SETTLEMENT,-0.0237,1.0
20241014_1315,XRP,UP,2024-10-14 13:28:00,0.4907,G1,"{'BTC': 0.9118, 'ETH': 0.9429, 'SOL': 0.8763}",2024-10-14 13:30:00,0.464,SETTLEMENT,-0.0267,1.0
20241014_1330,XRP,UP,2024-10-14 13:40:00,0.4968,G1,"{'BTC': 0.8044, 'ETH': 0.9765, 'SOL': 0.8235}",2024-10-14 13:45:00,0.5689,SETTLEMENT,0.07209999999999994,1.0
20241015_1500,SOL,UP,2024-10-15 15:10:00,0.4034,G2,"{'BTC': 0.7556, 'ETH': 0.995, 'XRP': 0.9974}",2024-10-15 15:15:00,0.3706,SETTLEMENT,-0.032799999999999996,1.0
20241015_1515,SOL,UP,2024-10-15 15:25:00,0.3773,G2,"{'BTC': 0.8903, 'ETH': 0.866, 'XRP': 0.9783}",2024-10-15 15:30:00,0.3405,SETTLEMENT,-0.0368,1.0
20241015_1530,SOL,UP,2024-10-15 15:43:00,0.3804,G2,"{'BTC': 0.873, 'ETH': 0.7964, 'XRP': 0.9418}",2024-10-15 15:45:00,0.3582,SETTLEMENT,-0.022199999999999998,1.0
20241015_1545,SOL,UP,2024-10-15 15:55:00,0.2594,G2,"{'BTC': 0.8835, 'ETH': 0.8377, 'XRP': 0.9213}",2024-10-15 16:00:00,0.2926,SETTLEMENT,0.03320000000000001,1.0
20241015_1615,SOL,UP,2024-10-15 16:25:00,0.294,G2,"{'BTC': 0.8404, 'ETH': 0.8212, 'XRP': 1.0}",2024-10-15 16:30:00,0.2899,SETTLEMENT,-0.0040999999999999925,1.0
20241015_1630,SOL,UP,2024-10-15 16:40:00,0.3593,G2,"{'BTC': 1.0, 'ETH': 0.8833, 'XRP': 1.0}",2024-10-15 16:45:00,0.3233,SETTLEMENT,-0.03600000000000003,1.0
20241015_1645,SOL,UP,2024-10-15 16:55:00,0.2551,G2,"{'BTC': 1.0, 'ETH': 0.8713, 'XRP': 0.9446}",2024-10-15 17:00:00,0.2798,SETTLEMENT,0.0247,1.0
20241015_1700,SOL,UP,2024-10-15 17:10:00,0.311,G2,"{'BTC': 0.9948, 'ETH': 0.8811, 'XRP': 0.9714}",2024-10-15 17:15:00,0.289,SETTLEMENT,-0.02200000000000002,1.0
20241015_1715,SOL,UP,2024-10-15 17:25:00,0.3417,G2,"{'BTC': 0.9124, 'ETH': 0.8394, 'XRP': 0.8754}",2024-10-15 17:30:00,0.3364,SETTLEMENT,-0.005300000000000027,1.0
20241015_2045,SOL,UP,2024-10-15 20:55:00,0.4944,G2,"{'BTC': 0.873, 'ETH': 0.791, 'XRP': 0.8148}",2024-10-15 21:00:00,0.4621,SETTLEMENT,-0.032299999999999995,1.0
20241015_2315,SOL,UP,2024-10-15 23:28:00,0.4874,G2,"{'BTC': 0.8415, 'ETH': 0.7644, 'XRP': 0.8248}",2024-10-15 23:30:00,0.4655,SETTLEMENT,-0.021899999999999975,1.0
20241016_1545,SOL,UP,2024-10-16 15:55:00,0.4383,G2,"{'BTC': 0.7947, 'ETH': 0.8024, 'XRP': 0.7542}",2024-10-16 16:00:00,0.3992,SETTLEMENT,-0.039100000000000024,1.0
20241018_0545,XRP,DOWN,2024-10-18 05:56:00,0.6027,G1,"{'BTC': 0.1734, 'ETH': 0.212, 'SOL': 0.2405}",2024-10-18 06:00:00,0.5213,SETTLEMENT,0.08140000000000003,1.0
20241018_0600,XRP,DOWN,2024-10-18 06:10:00,0.5171,G1,"{'BTC': 0.0223, 'ETH': 0.1909, 'SOL': 0.2342}",2024-10-18 06:15:00,0.4727,SETTLEMENT,0.044399999999999995,1.0
20241018_0615,XRP,DOWN,2024-10-18 06:25:00,0.5461,G1,"{'BTC': 0.0551, 'ETH': 0.1149, 'SOL': 0.1983}",2024-10-18 06:30:00,0.5535,SETTLEMENT,-0.007399999999999962,1.0
20241018_0715,XRP,DOWN,2024-10-18 07:27:00,0.5505,G1,"{'BTC': 0.0668, 'ETH': 0.2327, 'SOL': 0.2491}",2024-10-18 07:30:00,0.5455,SETTLEMENT,0.0050000000000000044,1.0
20241018_0730,XRP,DOWN,2024-10-18 07:40:00,0.6054,G1,"{'BTC': 0.1769, 'ETH': 0.225, 'SOL': 0.2437}",2024-10-18 07:45:00,0.6158,SETTLEMENT,-0.010399999999999965,1.0
20241019_0915,SOL,UP,2024-10-19 09:26:00,0.4826,G2,"{'BTC': 0.867, 'ETH': 0.8512, 'XRP': 0.7873}",2024-10-19 09:30:00,0.4245,SETTLEMENT,-0.058099999999999985,1.0
20241019_1030,SOL,UP,2024-10-19 10:42:00,0.2964,G2,"{'BTC': 0.7837, 'ETH': 0.9122, 'XRP': 0.8888}",2024-10-19 10:45:00,0.2895,SETTLEMENT,-0.006900000000000017,1.0
20241019_1045,SOL,UP,2024-10-19 10:55:00,0.2973,G2,"{'BTC': 0.8772, 'ETH': 0.9047, 'XRP': 0.9219}",2024-10-19 11:00:00,0.2566,SETTLEMENT,-0.040700000000000014,1.0
20241019_1100,SOL,UP,2024-10-19 11:10:00,0.2335,G2,"{'BTC': 0.8257, 'ETH': 0.8526, 'XRP': 0.8814}",2024-10-19 11:15:00,0.1603,SETTLEMENT,-0.07320000000000002,1.0
20241020_0515,XRP,UP,2024-10-20 05:26:00,0.0171,G1,"{'BTC': 0.7554, 'ETH': 0.8067, 'SOL': 0.7741}",2024-10-20 05:30:00,0.0,SETTLEMENT,-0.0171,1.0
20241020_0615,XRP,UP,2024-10-20 06:26:00,0.2497,G1,"{'BTC': 0.844, 'ETH': 0.76, 'SOL': 0.9497}",2024-10-20 06:30:00,0.2693,SETTLEMENT,0.01959999999999998,1.0
20241020_0630,XRP,UP,2024-10-20 06:41:00,0.2465,G1,"{'BTC': 1.0, 'ETH': 0.7536, 'SOL': 0.939}",2024-10-20 06:45:00,0.2313,SETTLEMENT,-0.015199999999999991,1.0
20241020_1000,XRP,UP,2024-10-20 10:10:00,0.0046,G1,"{'BTC': 0.9266, 'ETH': 0.7509, 'SOL': 0.8226}",2024-10-20 10:15:00,0.0211,SETTLEMENT,0.0165,1.0
20241020_1015,XRP,UP,2024-10-20 10:25:00,0.0285,G1,"{'BTC': 0.9422, 'ETH': 0.7631, 'SOL': 0.7586}",2024-10-20 10:30:00,0.0487,SETTLEMENT,0.0202,1.0
20241021_0215,SOL,UP,2024-10-21 02:25:00,0.0144,G2,"{'BTC': 0.9364, 'ETH': 0.9593, 'XRP': 0.7646}",2024-10-21 02:30:00,0.0036,SETTLEMENT,-0.0108,1.0
20241021_0230,SOL,UP,2024-10-21 02:40:00,0.0,G2,"{'BTC': 0.924, 'ETH': 0.9541, 'XRP': 0.7661}",2024-10-21 02:45:00,0.0321,SETTLEMENT,0.0321,1.0
20241021_0430,SOL,UP,2024-10-21 04:40:00,0.1889,G2,"{'BTC': 0.7818, 'ETH': 0.8538, 'XRP': 0.8692}",2024-10-21 04:45:00,0.1257,SETTLEMENT,-0.0632,1.0
20241021_0445,SOL,UP,2024-10-21 04:55:00,0.1149,G2,"{'BTC': 0.8592, 'ETH': 0.813, 'XRP': 0.8033}",2024-10-21 05:00:00,0.1108,SETTLEMENT,-0.004100000000000006,1.0
20241021_0500,SOL,UP,2024-10-21 05:10:00,0.1009,G2,"{'BTC': 0.9164, 'ETH': 0.8468, 'XRP': 0.8924}",2024-10-21 05:15:00,0.1368,SETTLEMENT,0.0359,1.0
20241021_0515,SOL,UP,2024-10-21 05:25:00,0.1197,G2,"{'BTC': 0.916, 'ETH': 0.8777, 'XRP': 1.0}",2024-10-21 05:30:00,0.1605,SETTLEMENT,0.0408,1.0
20241021_0530,SOL,UP,2024-10-21 05:40:00,0.1322,G2,"{'BTC': 0.9314, 'ETH': 0.8193, 'XRP': 0.9169}",2024-10-21 05:45:00,0.2179,SETTLEMENT,0.0857,1.0
20241021_0545,SOL,UP,2024-10-21 05:55:00,0.3223,G2,"{'BTC': 0.9991, 'ETH': 0.7518, 'XRP': 0.8594}",2024-10-21 06:00:00,0.3583,SETTLEMENT,0.03600000000000003,1.0
20241023_1100,SOL,DOWN,2024-10-23 11:11:00,0.8843,G2,"{'BTC': 0.0093, 'ETH': 0.0909, 'XRP': 0.2382}",2024-10-23 11:15:00,0.9349,SETTLEMENT,-0.05059999999999998,1.0
20241023_1115,SOL,DOWN,2024-10-23 11:25:00,0.8837,G2,"{'BTC': 0.1873, 'ETH': 0.0795, 'XRP': 0.2139}",2024-10-23 11:30:00,0.8978,SETTLEMENT,-0.014100000000000001,1.0
20241023_1130,SOL,DOWN,2024-10-23 11:40:00,0.8953,G2,"{'BTC': 0.0011, 'ETH': 0.0829, 'XRP': 0.1428}",2024-10-23 11:45:00,0.906,SETTLEMENT,-0.010700000000000043,1.0
20241023_1145,SOL,DOWN,2024-10-23 11:55:00,0.8652,G2,"{'BTC': 0.0458, 'ETH': 0.032, 'XRP': 0.205}",2024-10-23 12:00:00,0.9105,SETTLEMENT,-0.04530000000000001,1.0
20241023_1200,SOL,DOWN,2024-10-23 12:10:00,0.7894,G2,"{'BTC': 0.0, 'ETH': 0.0831, 'XRP': 0.2191}",2024-10-23 12:15:00,0.8056,SETTLEMENT,-0.016199999999999992,1.0
20241023_1215,SOL,DOWN,2024-10-23 12:25:00,0.9834,G2,"{'BTC': 0.0704, 'ETH': 0.0427, 'XRP': 0.0591}",2024-10-23 12:30:00,1.0,SETTLEMENT,-0.016599999999999948,1.0
20241023_1230,SOL,DOWN,2024-10-23 12:40:00,1.0,G2,"{'BTC': 0.0, 'ETH': 0.0436, 'XRP': 0.0}",2024-10-23 12:45:00,1.0,SETTLEMENT,0.0,1.0
20241023_1245,SOL,DOWN,2024-10-23 12:55:00,1.0,G2,"{'BTC': 0.0, 'ETH': 0.0779, 'XRP': 0.0847}",2024-10-23 13:00:00,0.8996,SETTLEMENT,0.10040000000000004,1.0
20241023_1300,SOL,DOWN,2024-10-23 13:10:00,0.9398,G2,"{'BTC': 0.0, 'ETH': 0.0899, 'XRP': 0.0334}",2024-10-23 13:15:00,0.9127,SETTLEMENT,0.027100000000000013,1.0
20241023_1315,SOL,DOWN,2024-10-23 13:25:00,0.9417,G2,"{'BTC': 0.0, 'ETH': 0.0199, 'XRP': 0.0601}",2024-10-23 13:30:00,0.9093,SETTLEMENT,0.032399999999999984,1.0
20241023_1330,SOL,DOWN,2024-10-23 13:40:00,0.828,G2,"{'BTC': 0.1117, 'ETH': 0.1184, 'XRP': 0.0009}",2024-10-23 13:45:00,0.794,SETTLEMENT,0.03399999999999992,1.0
20241023_1345,SOL,DOWN,2024-10-23 13:55:00,0.7696,G2,"{'BTC': 0.1962, 'ETH': 0.0842, 'XRP': 0.0106}",2024-10-23 14:00:00,0.7264,SETTLEMENT,0.043199999999999905,1.0
20241023_1400,SOL,DOWN,2024-10-23 14:10:00,0.6966,G2,"{'BTC': 0.1828, 'ETH': 0.0189, 'XRP': 0.1129}",2024-10-23 14:15:00,0.7714,SETTLEMENT,-0.07479999999999998,1.0
20241023_1415,SOL,DOWN,2024-10-23 14:25:00,0.769,G2,"{'BTC': 0.1318, 'ETH': 0.0037, 'XRP': 0.1932}",2024-10-23 14:30:00,0.7458,SETTLEMENT,0.0232,1.0
20241023_1430,SOL,DOWN,2024-10-23 14:40:00,0.7335,G2,"{'BTC': 0.1885, 'ETH': 0.0182, 'XRP': 0.2461}",2024-10-23 14:45:00,0.7626,SETTLEMENT,-0.029099999999999904,1.0
20241023_1445,SOL,DOWN,2024-10-23 14:57:00,0.7819,G2,"{'BTC': 0.2445, 'ETH': 0.0175, 'XRP': 0.2239}",2024-10-23 15:00:00,0.8034,SETTLEMENT,-0.021499999999999964,1.0
20241023_1515,SOL,DOWN,2024-10-23 15:27:00,0.8617,G2,"{'BTC': 0.2078, 'ETH': 0.1605, 'XRP': 0.2414}",2024-10-23 15:30:00,0.8865,SETTLEMENT,-0.024799999999999933,1.0
20241023_1530,SOL,DOWN,2024-10-23 15:40:00,0.9205,G2,"{'BTC': 0.1648, 'ETH': 0.1917, 'XRP': 0.2359}",2024-10-23 15:45:00,0.9758,SETTLEMENT,-0.055300000000000016,1.0
20241023_1545,SOL,DOWN,2024-10-23 15:55:00,0.986,G2,"{'BTC': 0.142, 'ETH': 0.223, 'XRP': 0.187}",2024-10-23 16:00:00,0.9627,SETTLEMENT,0.023299999999999987,1.0
20241023_1600,SOL,DOWN,2024-10-23 16:10:00,0.9749,G2,"{'BTC': 0.1983, 'ETH': 0.2495, 'XRP': 0.2103}",2024-10-23 16:15:00,0.926,SETTLEMENT,0.048899999999999944,1.0
20241024_2100,SOL,DOWN,2024-10-24 21:10:00,0.9368,G2,"{'BTC': 0.2266, 'ETH': 0.1741, 'XRP': 0.0184}",2024-10-24 21:15:00,0.9377,SETTLEMENT,-0.0009000000000000119,1.0
20241024_2115,SOL,DOWN,2024-10-24 21:25:00,0.8737,G2,"{'BTC': 0.2304, 'ETH': 0.1912, 'XRP': 0.095}",2024-10-24 21:30:00,0.8294,SETTLEMENT,0.044300000000000006,1.0
20241024_2130,SOL,DOWN,2024-10-24 21:40:00,0.8249,G2,"{'BTC': 0.1199, 'ETH': 0.2038, 'XRP': 0.0}",2024-10-24 21:45:00,0.8526,SETTLEMENT,-0.027700000000000058,1.0
20241024_2145,SOL,DOWN,2024-10-24 21:55:00,0.8413,G2,"{'BTC': 0.2162, 'ETH': 0.212, 'XRP': 0.0}",2024-10-24 22:00:00,0.9137,SETTLEMENT,-0.07239999999999991,1.0
20241024_2245,SOL,DOWN,2024-10-24 22:55:00,0.8167,G2,"{'BTC': 0.1286, 'ETH': 0.1811, 'XRP': 0.2043}",2024-10-24 23:00:00,0.7306,SETTLEMENT,0.08609999999999995,1.0
20241024_2300,SOL,DOWN,2024-10-24 23:10:00,0.757,G2,"{'BTC': 0.0991, 'ETH': 0.1968, 'XRP': 0.1722}",2024-10-24 23:15:00,0.8364,SETTLEMENT,-0.07940000000000003,1.0
20241024_2315,SOL,DOWN,2024-10-24 23:25:00,0.8493,G2,"{'BTC': 0.2314, 'ETH': 0.1226, 'XRP': 0.1645}",2024-10-24 23:30:00,0.7568,SETTLEMENT,0.09250000000000003,1.0
20241024_2330,SOL,DOWN,2024-10-24 23:40:00,0.7878,G2,"{'BTC': 0.239, 'ETH': 0.1446, 'XRP': 0.1814}",2024-10-24 23:45:00,0.7603,SETTLEMENT,0.02749999999999997,1.0
20241024_2345,SOL,DOWN,2024-10-24 23:55:00,0.8536,G2,"{'BTC': 0.1079, 'ETH': 0.021, 'XRP': 0.1822}",2024-10-25 00:00:00,0.8086,SETTLEMENT,0.04500000000000004,1.0
20241025_0000,SOL,DOWN,2024-10-25 00:10:00,0.8407,G2,"{'BTC': 0.0773, 'ETH': 0.1694, 'XRP': 0.2367}",2024-10-25 00:15:00,0.9122,SETTLEMENT,-0.07150000000000001,1.0
20241025_0015,SOL,DOWN,2024-10-25 00:25:00,0.9252,G2,"{'BTC': 0.0364, 'ETH': 0.0519, 'XRP': 0.0874}",2024-10-25 00:30:00,0.8967,SETTLEMENT,0.02849999999999997,1.0
20241025_0030,SOL,DOWN,2024-10-25 00:40:00,0.924,G2,"{'BTC': 0.064, 'ETH': 0.1541, 'XRP': 0.0279}",2024-10-25 00:45:00,0.8582,SETTLEMENT,0.06580000000000008,1.0
20241026_0915,SOL,DOWN,2024-10-26 09:27:00,0.5185,G2,"{'BTC': 0.1192, 'ETH': 0.0862, 'XRP': 0.1206}",2024-10-26 09:30:00,0.4734,SETTLEMENT,0.04509999999999997,1.0
20241026_0930,SOL,DOWN,2024-10-26 09:41:00,0.5143,G2,"{'BTC': 0.0065, 'ETH': 0.1341, 'XRP': 0.0}",2024-10-26 09:45:00,0.5431,SETTLEMENT,-0.028800000000000048,1.0
20241026_0945,SOL,DOWN,2024-10-26 09:55:00,0.5575,G2,"{'BTC': 0.0137, 'ETH': 0.2193, 'XRP': 0.0598}",2024-10-26 10:00:00,0.6052,SETTLEMENT,-0.047699999999999965,1.0
20241026_1000,SOL,DOWN,2024-10-26 10:10:00,0.6026,G2,"{'BTC': 0.0455, 'ETH': 0.1281, 'XRP': 0.04}",2024-10-26 10:15:00,0.5968,SETTLEMENT,0.005800000000000027,1.0
20241026_1015,SOL,DOWN,2024-10-26 10:25:00,0.5667,G2,"{'BTC': 0.0651, 'ETH': 0.1458, 'XRP': 0.0617}",2024-10-26 10:30:00,0.533,SETTLEMENT,0.03369999999999995,1.0
20241026_1030,SOL,DOWN,2024-10-26 10:40:00,0.5911,G2,"{'BTC': 0.0602, 'ETH': 0.184, 'XRP': 0.031}",2024-10-26 10:45:00,0.5783,SETTLEMENT,0.012799999999999923,1.0
20241026_1045,SOL,DOWN,2024-10-26 10:55:00,0.6675,G2,"{'BTC': 0.1047, 'ETH': 0.2181, 'XRP': 0.0279}",2024-10-26 11:00:00,0.7011,SETTLEMENT,-0.03359999999999996,1.0
20241026_1100,SOL,DOWN,2024-10-26 11:10:00,0.8157,G2,"{'BTC': 0.0004, 'ETH': 0.2171, 'XRP': 0.0}",2024-10-26 11:15:00,0.8917,SETTLEMENT,-0.07600000000000007,1.0
20241026_1115,SOL,DOWN,2024-10-26 11:25:00,0.8935,G2,"{'BTC': 0.0, 'ETH': 0.2465, 'XRP': 0.025}",2024-10-26 11:30:00,0.9191,SETTLEMENT,-0.025600000000000067,1.0
20241026_1145,SOL,DOWN,2024-10-26 11:55:00,0.8453,G2,"{'BTC': 0.0617, 'ETH': 0.1734, 'XRP': 0.0649}",2024-10-26 12:00:00,0.945,SETTLEMENT,-0.0996999999999999,1.0
20241026_1200,SOL,DOWN,2024-10-26 12:10:00,0.9224,G2,"{'BTC': 0.1205, 'ETH': 0.1256, 'XRP': 0.0009}",2024-10-26 12:15:00,0.9828,SETTLEMENT,-0.06040000000000001,1.0
20241026_1215,SOL,DOWN,2024-10-26 12:25:00,0.9855,G2,"{'BTC': 0.1913, 'ETH': 0.205, 'XRP': 0.0772}",2024-10-26 12:30:00,0.9696,SETTLEMENT,0.015900000000000025,1.0
20241026_1230,SOL,DOWN,2024-10-26 12:40:00,0.9492,G2,"{'BTC': 0.1944, 'ETH': 0.2386, 'XRP': 0.0}",2024-10-26 12:45:00,1.0,SETTLEMENT,-0.050799999999999956,1.0
20241026_1245,SOL,DOWN,2024-10-26 12:55:00,0.9952,G2,"{'BTC': 0.079, 'ETH': 0.2254, 'XRP': 0.0}",2024-10-26 13:00:00,1.0,SETTLEMENT,-0.0048000000000000265,1.0
20241026_1300,SOL,DOWN,2024-10-26 13:10:00,1.0,G2,"{'BTC': 0.053, 'ETH': 0.2328, 'XRP': 0.0155}",2024-10-26 13:15:00,1.0,SETTLEMENT,0.0,1.0
20241030_0300,SOL,UP,2024-10-30 03:11:00,0.4372,G2,"{'BTC': 0.7763, 'ETH': 0.7539, 'XRP': 0.896}",2024-10-30 03:15:00,0.4307,SETTLEMENT,-0.00649999999999995,1.0
20241030_0315,SOL,UP,2024-10-30 03:25:00,0.4315,G2,"{'BTC': 0.7793, 'ETH': 0.8064, 'XRP': 0.905}",2024-10-30 03:30:00,0.4461,SETTLEMENT,0.014600000000000002,1.0
20241030_0545,SOL,UP,2024-10-30 05:55:00,0.2104,G2,"{'BTC': 0.9797, 'ETH': 0.7661, 'XRP': 0.8476}",2024-10-30 06:00:00,0.255,SETTLEMENT,0.0446,1.0
20241030_0600,SOL,UP,2024-10-30 06:10:00,0.2936,G2,"{'BTC': 1.0, 'ETH': 0.8021, 'XRP': 0.8438}",2024-10-30 06:15:00,0.258,SETTLEMENT,-0.03560000000000002,1.0
20241030_0615,SOL,UP,2024-10-30 06:25:00,0.2982,G2,"{'BTC': 0.9413, 'ETH': 0.815, 'XRP': 0.9375}",2024-10-30 06:30:00,0.3253,SETTLEMENT,0.027099999999999957,1.0
20241030_0745,SOL,UP,2024-10-30 07:55:00,0.2407,G2,"{'BTC': 0.9689, 'ETH': 0.8086, 'XRP': 0.7505}",2024-10-30 08:00:00,0.2505,SETTLEMENT,0.009800000000000003,1.0
20241030_0800,SOL,UP,2024-10-30 08:10:00,0.2357,G2,"{'BTC': 1.0, 'ETH': 0.8606, 'XRP': 0.8615}",2024-10-30 08:15:00,0.287,SETTLEMENT,0.051299999999999985,1.0
20241030_1115,SOL,UP,2024-10-30 11:26:00,0.4867,G2,"{'BTC': 0.8756, 'ETH': 0.9145, 'XRP': 0.7725}",2024-10-30 11:30:00,0.5294,SETTLEMENT,0.04269999999999996,1.0
20241101_1345,XRP,UP,2024-11-01 13:55:00,0.2632,G1,"{'BTC': 0.7592, 'ETH': 0.8255, 'SOL': 0.9651}",2024-11-01 14:00:00,0.1888,SETTLEMENT,-0.0744,1.0
20241101_1400,XRP,UP,2024-11-01 14:13:00,0.1745,G1,"{'BTC': 0.7687, 'ETH': 0.8686, 'SOL': 0.8713}",2024-11-01 14:15:00,0.1668,SETTLEMENT,-0.007699999999999985,1.0
20241101_1415,XRP,UP,2024-11-01 14:25:00,0.1434,G1,"{'BTC': 0.801, 'ETH': 0.9132, 'SOL': 0.8429}",2024-11-01 14:30:00,0.206,SETTLEMENT,0.06259999999999999,1.0
20241101_1515,XRP,UP,2024-11-01 15:26:00,0.1132,G1,"{'BTC': 0.7524, 'ETH': 0.9497, 'SOL': 0.8639}",2024-11-01 15:30:00,0.0469,SETTLEMENT,-0.0663,1.0
20241101_1600,XRP,UP,2024-11-01 16:10:00,0.0062,G1,"{'BTC': 0.8113, 'ETH': 0.8972, 'SOL': 0.869}",2024-11-01 16:15:00,0.0158,SETTLEMENT,0.009600000000000001,1.0
20241101_1615,XRP,UP,2024-11-01 16:25:00,0.0,G1,"{'BTC': 0.8923, 'ETH': 0.9363, 'SOL': 0.9294}",2024-11-01 16:30:00,0.0263,SETTLEMENT,0.0263,1.0
20241101_1630,XRP,UP,2024-11-01 16:40:00,0.0715,G1,"{'BTC': 0.8237, 'ETH': 0.8377, 'SOL': 0.8875}",2024-11-01 16:45:00,0.1711,SETTLEMENT,0.09960000000000001,1.0
20241101_1645,XRP,UP,2024-11-01 16:55:00,0.0586,G1,"{'BTC': 0.9142, 'ETH': 0.8468, 'SOL': 0.9141}",2024-11-01 17:00:00,0.0,SETTLEMENT,-0.0586,1.0
20241101_1700,XRP,UP,2024-11-01 17:10:00,0.0175,G1,"{'BTC': 0.937, 'ETH': 0.8019, 'SOL': 0.9044}",2024-11-01 17:15:00,0.0217,SETTLEMENT,0.004199999999999999,1.0
20241101_1715,XRP,UP,2024-11-01 17:25:00,0.0131,G1,"{'BTC': 0.9808, 'ETH': 0.7615, 'SOL': 0.904}",2024-11-01 17:30:00,0.0364,SETTLEMENT,0.0233,1.0
20241101_1730,XRP,UP,2024-11-01 17:40:00,0.0,G1,"{'BTC': 0.9994, 'ETH': 0.8362, 'SOL': 0.8275}",2024-11-01 17:45:00,0.0,SETTLEMENT,0.0,1.0
20241101_1745,XRP,UP,2024-11-01 17:55:00,0.0,G1,"{'BTC': 0.8974, 'ETH': 0.853, 'SOL': 0.8575}",2024-11-01 18:00:00,0.0283,SETTLEMENT,0.0283,1.0
20241101_1800,XRP,UP,2024-11-01 18:10:00,0.049,G1,"{'BTC': 0.984, 'ETH': 0.9262, 'SOL': 0.9823}",2024-11-01 18:15:00,0.037,SETTLEMENT,-0.012000000000000004,1.0
20241101_1815,XRP,UP,2024-11-01 18:25:00,0.0021,G1,"{'BTC': 0.9713, 'ETH': 0.9279, 'SOL': 0.9664}",2024-11-01 18:30:00,0.042,SETTLEMENT,0.039900000000000005,1.0
20241101_1830,XRP,UP,2024-11-01 18:40:00,0.0,G1,"{'BTC': 0.9918, 'ETH': 0.9687, 'SOL': 0.9723}",2024-11-01 18:45:00,0.0213,SETTLEMENT,0.0213,1.0
20241101_1845,XRP,UP,2024-11-01 18:55:00,0.0027,G1,"{'BTC': 0.9089, 'ETH': 1.0, 'SOL': 0.9596}",2024-11-01 19:00:00,0.0199,SETTLEMENT,0.0172,1.0
20241101_1900,XRP,UP,2024-11-01 19:10:00,0.0244,G1,"{'BTC': 0.8903, 'ETH': 0.9016, 'SOL': 0.9218}",2024-11-01 19:15:00,0.0273,SETTLEMENT,0.0029,1.0
20241101_1915,XRP,UP,2024-11-01 19:25:00,0.0289,G1,"{'BTC': 0.8897, 'ETH': 0.7546, 'SOL': 0.804}",2024-11-01 19:30:00,0.0162,SETTLEMENT,-0.0127,1.0
20241101_1930,XRP,UP,2024-11-01 19:40:00,0.0716,G1,"{'BTC': 0.9057, 'ETH': 0.7947, 'SOL': 0.8061}",2024-11-01 19:45:00,0.1125,SETTLEMENT,0.040900000000000006,1.0
20241101_1945,XRP,UP,2024-11-01 19:56:00,0.0198,G1,"{'BTC': 1.0, 'ETH': 0.7729, 'SOL': 0.8564}",2024-11-01 20:00:00,0.0122,SETTLEMENT,-0.007600000000000001,1.0
20241101_2000,XRP,UP,2024-11-01 20:10:00,0.1022,G1,"{'BTC': 0.9298, 'ETH': 0.7654, 'SOL': 0.8108}",2024-11-01 20:15:00,0.0877,SETTLEMENT,-0.014499999999999999,1.0
20241101_2030,XRP,UP,2024-11-01 20:40:00,0.084,G1,"{'BTC': 0.8385, 'ETH': 0.8017, 'SOL': 0.865}",2024-11-01 20:45:00,0.0741,SETTLEMENT,-0.009900000000000006,1.0
20241101_2045,XRP,UP,2024-11-01 20:55:00,0.124,G1,"{'BTC': 1.0, 'ETH': 0.8143, 'SOL': 0.7715}",2024-11-01 21:00:00,0.0949,SETTLEMENT,-0.0291,1.0
20241101_2100,XRP,UP,2024-11-01 21:10:00,0.0863,G1,"{'BTC': 1.0, 'ETH': 0.7815, 'SOL': 0.7699}",2024-11-01 21:15:00,0.0901,SETTLEMENT,0.003799999999999998,1.0
20241101_2215,XRP,UP,2024-11-01 22:25:00,0.0,G1,"{'BTC': 0.8393, 'ETH': 0.8057, 'SOL': 0.7649}",2024-11-01 22:30:00,0.0319,SETTLEMENT,0.0319,1.0
20241101_2230,XRP,UP,2024-11-01 22:40:00,0.0064,G1,"{'BTC': 0.8134, 'ETH': 0.8956, 'SOL': 0.827}",2024-11-01 22:45:00,0.0763,SETTLEMENT,0.0699,1.0
20241101_2245,XRP,UP,2024-11-01 22:55:00,0.0263,G1,"{'BTC': 0.7655, 'ETH': 0.8926, 'SOL': 0.7858}",2024-11-01 23:00:00,0.0,SETTLEMENT,-0.0263,1.0
20241101_2300,XRP,UP,2024-11-01 23:10:00,0.0383,G1,"{'BTC': 0.8044, 'ETH': 0.8918, 'SOL': 0.773}",2024-11-01 23:15:00,0.0289,SETTLEMENT,-0.009400000000000002,1.0
20241102_0700,SOL,DOWN,2024-11-02 07:10:00,0.9367,G2,"{'BTC': 0.1609, 'ETH': 0.2334, 'XRP': 0.2458}",2024-11-02 07:15:00,0.9473,SETTLEMENT,-0.010600000000000054,1.0
20241102_0830,SOL,DOWN,2024-11-02 08:40:00,0.7322,G2,"{'BTC': 0.1979, 'ETH': 0.2125, 'XRP': 0.1164}",2024-11-02 08:45:00,0.7157,SETTLEMENT,0.01649999999999996,1.0
20241102_0900,SOL,DOWN,2024-11-02 09:10:00,0.6013,G2,"{'BTC': 0.0294, 'ETH': 0.0916, 'XRP': 0.0}",2024-11-02 09:15:00,0.6076,SETTLEMENT,-0.006300000000000083,1.0
20241102_0915,SOL,DOWN,2024-11-02 09:25:00,0.6204,G2,"{'BTC': 0.0, 'ETH': 0.229, 'XRP': 0.0683}",2024-11-02 09:30:00,0.6506,SETTLEMENT,-0.030200000000000005,1.0
20241102_0930,SOL,DOWN,2024-11-02 09:40:00,0.7322,G2,"{'BTC': 0.0464, 'ETH': 0.1414, 'XRP': 0.1245}",2024-11-02 09:45:00,0.7362,SETTLEMENT,-0.0040000000000000036,1.0
20241102_0945,SOL,DOWN,2024-11-02 09:55:00,0.692,G2,"{'BTC': 0.054, 'ETH': 0.131, 'XRP': 0.0408}",2024-11-02 10:00:00,0.7124,SETTLEMENT,-0.020400000000000085,1.0
20241102_1000,SOL,DOWN,2024-11-02 10:10:00,0.6528,G2,"{'BTC': 0.0, 'ETH': 0.1305, 'XRP': 0.0548}",2024-11-02 10:15:00,0.6998,SETTLEMENT,-0.04699999999999993,1.0
20241102_1015,SOL,DOWN,2024-11-02 10:25:00,0.7663,G2,"{'BTC': 0.1057, 'ETH': 0.1722, 'XRP': 0.0368}",2024-11-02 10:30:00,0.7338,SETTLEMENT,0.03249999999999997,1.0
20241102_1030,SOL,DOWN,2024-11-02 10:40:00,0.7867,G2,"{'BTC': 0.2094, 'ETH': 0.1338, 'XRP': 0.0981}",2024-11-02 10:45:00,0.8876,SETTLEMENT,-0.10089999999999999,1.0
20241102_1045,SOL,DOWN,2024-11-02 10:55:00,0.893,G2,"{'BTC': 0.2154, 'ETH': 0.0906, 'XRP': 0.112}",2024-11-02 11:00:00,0.9004,SETTLEMENT,-0.007399999999999962,1.0
20241102_1100,SOL,DOWN,2024-11-02 11:10:00,0.9007,G2,"{'BTC': 0.0535, 'ETH': 0.0418, 'XRP': 0.1943}",2024-11-02 11:15:00,0.8843,SETTLEMENT,0.01639999999999997,1.0
20241102_1115,SOL,DOWN,2024-11-02 11:25:00,0.8363,G2,"{'BTC': 0.1905, 'ETH': 0.0239, 'XRP': 0.16}",2024-11-02 11:30:00,0.7973,SETTLEMENT,0.039000000000000035,1.0
20241102_1130,SOL,DOWN,2024-11-02 11:40:00,0.7987,G2,"{'BTC': 0.1918, 'ETH': 0.1119, 'XRP': 0.1738}",2024-11-02 11:45:00,0.7456,SETTLEMENT,0.053099999999999925,1.0
20241102_1200,SOL,DOWN,2024-11-02 12:10:00,0.8173,G2,"{'BTC': 0.1926, 'ETH': 0.184, 'XRP': 0.2}",2024-11-02 12:15:00,0.8234,SETTLEMENT,-0.006099999999999994,1.0
20241102_1215,SOL,DOWN,2024-11-02 12:25:00,0.8654,G2,"{'BTC': 0.0875, 'ETH': 0.1383, 'XRP': 0.2441}",2024-11-02 12:30:00,0.9136,SETTLEMENT,-0.04820000000000002,1.0
20241102_1300,SOL,DOWN,2024-11-02 13:13:00,0.8026,G2,"{'BTC': 0.1369, 'ETH': 0.1643, 'XRP': 0.2247}",2024-11-02 13:15:00,0.8049,SETTLEMENT,-0.0022999999999999687,1.0
20241102_1345,SOL,DOWN,2024-11-02 13:55:00,0.7835,G2,"{'BTC': 0.1025, 'ETH': 0.0665, 'XRP': 0.2371}",2024-11-02 14:00:00,0.7973,SETTLEMENT,-0.013800000000000034,1.0
20241102_1400,SOL,DOWN,2024-11-02 14:10:00,0.8335,G2,"{'BTC': 0.1654, 'ETH': 0.0543, 'XRP': 0.177}",2024-11-02 14:15:00,0.8905,SETTLEMENT,-0.05699999999999994,1.0
20241102_1415,SOL,DOWN,2024-11-02 14:25:00,0.9516,G2,"{'BTC': 0.2007, 'ETH': 0.2385, 'XRP': 0.1768}",2024-11-02 14:30:00,0.8798,SETTLEMENT,0.07179999999999997,1.0
20241102_1430,SOL,DOWN,2024-11-02 14:41:00,0.8806,G2,"{'BTC': 0.2066, 'ETH': 0.2466, 'XRP': 0.2227}",2024-11-02 14:45:00,0.88,SETTLEMENT,0.0006000000000000449,1.0
20241102_1445,SOL,DOWN,2024-11-02 14:56:00,0.8041,G2,"{'BTC': 0.2497, 'ETH': 0.2166, 'XRP': 0.1279}",2024-11-02 15:00:00,0.7842,SETTLEMENT,0.01990000000000003,1.0
20241102_1515,SOL,DOWN,2024-11-02 15:25:00,0.8501,G2,"{'BTC': 0.2347, 'ETH': 0.2398, 'XRP': 0.0453}",2024-11-02 15:30:00,0.9091,SETTLEMENT,-0.05900000000000005,1.0
20241102_1530,SOL,DOWN,2024-11-02 15:40:00,0.8816,G2,"{'BTC': 0.2103, 'ETH': 0.1905, 'XRP': 0.0393}",2024-11-02 15:45:00,0.9763,SETTLEMENT,-0.0946999999999999,1.0
20241102_1545,SOL,DOWN,2024-11-02 15:55:00,1.0,G2,"{'BTC': 0.0938, 'ETH': 0.2371, 'XRP': 0.0661}",2024-11-02 16:00:00,0.9681,SETTLEMENT,0.03190000000000004,1.0
20241104_1645,SOL,DOWN,2024-11-04 16:55:00,0.8576,G2,"{'BTC': 0.0222, 'ETH': 0.0264, 'XRP': 0.1979}",2024-11-04 17:00:00,0.8216,SETTLEMENT,0.03600000000000003,1.0
20241104_1730,SOL,DOWN,2024-11-04 17:40:00,0.7756,G2,"{'BTC': 0.0727, 'ETH': 0.1036, 'XRP': 0.1557}",2024-11-04 17:45:00,0.776,SETTLEMENT,-0.00040000000000006697,1.0
20241104_1745,SOL,DOWN,2024-11-04 17:55:00,0.6802,G2,"{'BTC': 0.0968, 'ETH': 0.1438, 'XRP': 0.2195}",2024-11-04 18:00:00,0.7105,SETTLEMENT,-0.030299999999999994,1.0
20241104_1800,SOL,DOWN,2024-11-04 18:10:00,0.6082,G2,"{'BTC': 0.1053, 'ETH': 0.197, 'XRP': 0.1109}",2024-11-04 18:15:00,0.6271,SETTLEMENT,-0.018900000000000028,1.0
20241104_1815,SOL,DOWN,2024-11-04 18:25:00,0.6609,G2,"{'BTC': 0.1353, 'ETH': 0.1091, 'XRP': 0.0876}",2024-11-04 18:30:00,0.6914,SETTLEMENT,-0.03049999999999997,1.0
20241104_1830,SOL,DOWN,2024-11-04 18:40:00,0.5388,G2,"{'BTC': 0.171, 'ETH': 0.0858, 'XRP': 0.0252}",2024-11-04 18:45:00,0.5961,SETTLEMENT,-0.05730000000000002,1.0
20241104_1845,SOL,DOWN,2024-11-04 18:55:00,0.5613,G2,"{'BTC': 0.193, 'ETH': 0.0782, 'XRP': 0.1046}",2024-11-04 19:00:00,0.4244,SETTLEMENT,0.13690000000000002,1.0
20241104_1900,SOL,DOWN,2024-11-04 19:10:00,0.5207,G2,"{'BTC': 0.1522, 'ETH': 0.1611, 'XRP': 0.0}",2024-11-04 19:15:00,0.5298,SETTLEMENT,-0.009099999999999997,1.0
20241104_1915,SOL,DOWN,2024-11-04 19:25:00,0.6103,G2,"{'BTC': 0.0305, 'ETH': 0.2179, 'XRP': 0.0545}",2024-11-04 19:30:00,0.577,SETTLEMENT,0.033299999999999996,1.0
20241104_1930,SOL,DOWN,2024-11-04 19:40:00,0.5976,G2,"{'BTC': 0.0661, 'ETH': 0.1128, 'XRP': 0.0517}",2024-11-04 19:45:00,0.5493,SETTLEMENT,0.04830000000000001,1.0
20241105_0845,SOL,DOWN,2024-11-05 08:55:00,0.6371,G2,"{'BTC': 0.2238, 'ETH': 0.0426, 'XRP': 0.0819}",2024-11-05 09:00:00,0.6551,SETTLEMENT,-0.018000000000000016,1.0
20241105_0900,SOL,DOWN,2024-11-05 09:10:00,0.5812,G2,"{'BTC': 0.2487, 'ETH': 0.026, 'XRP': 0.1146}",2024-11-05 09:15:00,0.5764,SETTLEMENT,0.0048000000000000265,1.0
20241105_0915,SOL,DOWN,2024-11-05 09:25:00,0.521,G2,"{'BTC': 0.2103, 'ETH': 0.0005, 'XRP': 0.0176}",2024-11-05 09:30:00,0.5544,SETTLEMENT,-0.033399999999999985,1.0
20241105_0930,SOL,DOWN,2024-11-05 09:41:00,0.5056,G2,"{'BTC': 0.1372, 'ETH': 0.1077, 'XRP': 0.0171}",2024-11-05 09:45:00,0.4587,SETTLEMENT,0.04690000000000005,1.0
20241105_1100,SOL,DOWN,2024-11-05 11:12:00,0.7264,G2,"{'BTC': 0.1005, 'ETH': 0.2429, 'XRP': 0.1262}",2024-11-05 11:15:00,0.7643,SETTLEMENT,-0.037899999999999934,1.0
20241105_1115,SOL,DOWN,2024-11-05 11:25:00,0.7927,G2,"{'BTC': 0.1476, 'ETH': 0.2215, 'XRP': 0.003}",2024-11-05 11:30:00,0.8153,SETTLEMENT,-0.022600000000000064,1.0
20241106_0430,SOL,DOWN,2024-11-06 04:41:00,0.8608,G2,"{'BTC': 0.2398, 'ETH': 0.1162, 'XRP': 0.1476}",2024-11-06 04:45:00,0.8971,SETTLEMENT,-0.0363,1.0
20241107_0915,XRP,DOWN,2024-11-07 09:26:00,0.9735,G1,"{'BTC': 0.2485, 'ETH': 0.015, 'SOL': 0.0749}",2024-11-07 09:30:00,1.0,SETTLEMENT,-0.026499999999999968,1.0
20241107_0930,XRP,DOWN,2024-11-07 09:40:00,1.0,G1,"{'BTC': 0.2391, 'ETH': 0.0227, 'SOL': 0.1421}",2024-11-07 09:45:00,1.0,SETTLEMENT,0.0,1.0
20241107_0945,XRP,DOWN,2024-11-07 09:55:00,1.0,G1,"{'BTC': 0.2399, 'ETH': 0.0763, 'SOL': 0.1918}",2024-11-07 10:00:00,1.0,SETTLEMENT,0.0,1.0
20241107_1000,XRP,DOWN,2024-11-07 10:10:00,0.9981,G1,"{'BTC': 0.1755, 'ETH': 0.0, 'SOL': 0.0121}",2024-11-07 10:15:00,0.9491,SETTLEMENT,0.04899999999999993,1.0
20241107_1015,XRP,DOWN,2024-11-07 10:25:00,0.9233,G1,"{'BTC': 0.1194, 'ETH': 0.1047, 'SOL': 0.0337}",2024-11-07 10:30:00,0.9279,SETTLEMENT,-0.0045999999999999375,1.0
20241107_1030,XRP,DOWN,2024-11-07 10:40:00,0.9875,G1,"{'BTC': 0.2197, 'ETH': 0.0684, 'SOL': 0.0249}",2024-11-07 10:45:00,0.9523,SETTLEMENT,0.03520000000000001,1.0
20241107_1045,XRP,DOWN,2024-11-07 10:55:00,0.9442,G1,"{'BTC': 0.0442, 'ETH': 0.0462, 'SOL': 0.0391}",2024-11-07 11:00:00,0.871,SETTLEMENT,0.07320000000000004,1.0
20241107_1100,XRP,DOWN,2024-11-07 11:10:00,0.9433,G1,"{'BTC': 0.0846, 'ETH': 0.0691, 'SOL': 0.0493}",2024-11-07 11:15:00,0.9521,SETTLEMENT,-0.008799999999999919,1.0
20241107_1115,XRP,DOWN,2024-11-07 11:25:00,0.9512,G1,"{'BTC': 0.2018, 'ETH': 0.0845, 'SOL': 0.0}",2024-11-07 11:30:00,0.9299,SETTLEMENT,0.021300000000000097,1.0
20241107_1130,XRP,DOWN,2024-11-07 11:40:00,0.8598,G1,"{'BTC': 0.0706, 'ETH': 0.0443, 'SOL': 0.0204}",2024-11-07 11:45:00,0.8702,SETTLEMENT,-0.010399999999999965,1.0
20241107_1145,XRP,DOWN,2024-11-07 11:55:00,0.8472,G1,"{'BTC': 0.2239, 'ETH': 0.0283, 'SOL': 0.2085}",2024-11-07 12:00:00,0.8496,SETTLEMENT,-0.0024000000000000687,1.0
20241107_2100,SOL,UP,2024-11-07 21:12:00,0.4801,G2,"{'BTC': 0.764, 'ETH': 0.7577, 'XRP': 0.9654}",2024-11-07 21:15:00,0.4662,SETTLEMENT,-0.013900000000000023,1.0
20241107_2130,SOL,UP,2024-11-07 21:40:00,0.4976,G2,"{'BTC': 0.8398, 'ETH': 0.916, 'XRP': 0.9434}",2024-11-07 21:45:00,0.4654,SETTLEMENT,-0.032200000000000006,1.0
20241107_2145,SOL,UP,2024-11-07 21:55:00,0.3934,G2,"{'BTC': 0.7516, 'ETH': 0.7515, 'XRP': 0.8974}",2024-11-07 22:00:00,0.4176,SETTLEMENT,0.0242,1.0
20241110_0830,XRP,UP,2024-11-10 08:42:00,0.4709,G1,"{'BTC': 0.809, 'ETH': 0.76, 'SOL': 0.8399}",2024-11-10 08:45:00,0.5062,SETTLEMENT,0.0353,1.0
20241112_0345,SOL,DOWN,2024-11-12 03:57:00,0.9074,G2,"{'BTC': 0.1582, 'ETH': 0.0234, 'XRP': 0.2278}",2024-11-12 04:00:00,0.9841,SETTLEMENT,-0.07669999999999999,1.0
20241112_0400,SOL,DOWN,2024-11-12 04:10:00,0.9759,G2,"{'BTC': 0.1008, 'ETH': 0.0633, 'XRP': 0.1532}",2024-11-12 04:15:00,0.9989,SETTLEMENT,-0.02300000000000002,1.0
20241112_0415,SOL,DOWN,2024-11-12 04:25:00,0.9701,G2,"{'BTC': 0.1332, 'ETH': 0.0946, 'XRP': 0.1963}",2024-11-12 04:30:00,1.0,SETTLEMENT,-0.029900000000000038,1.0
20241112_0430,SOL,DOWN,2024-11-12 04:40:00,0.9755,G2,"{'BTC': 0.0907, 'ETH': 0.0347, 'XRP': 0.2004}",2024-11-12 04:45:00,0.9324,SETTLEMENT,0.04310000000000003,1.0
20241112_0515,SOL,DOWN,2024-11-12 05:25:00,0.9722,G2,"{'BTC': 0.2112, 'ETH': 0.0, 'XRP': 0.1961}",2024-11-12 05:30:00,0.9769,SETTLEMENT,-0.0047000000000000375,1.0
20241112_0530,SOL,DOWN,2024-11-12 05:40:00,0.9256,G2,"{'BTC': 0.2415, 'ETH': 0.0, 'XRP': 0.1811}",2024-11-12 05:45:00,0.9367,SETTLEMENT,-0.011099999999999999,1.0
20241112_0545,SOL,DOWN,2024-11-12 05:55:00,0.8869,G2,"{'BTC': 0.1527, 'ETH': 0.0087, 'XRP': 0.1502}",2024-11-12 06:00:00,0.8795,SETTLEMENT,0.007400000000000073,1.0
20241112_0600,SOL,DOWN,2024-11-12 06:10:00,0.9131,G2,"{'BTC': 0.2352, 'ETH': 0.0, 'XRP': 0.2352}",2024-11-12 06:15:00,0.9825,SETTLEMENT,-0.06940000000000002,1.0
20241112_0645,SOL,DOWN,2024-11-12 06:55:00,0.9689,G2,"{'BTC': 0.1207, 'ETH': 0.0543, 'XRP': 0.2072}",2024-11-12 07:00:00,0.9901,SETTLEMENT,-0.021199999999999997,1.0
20241112_0700,SOL,DOWN,2024-11-12 07:10:00,0.9851,G2,"{'BTC': 0.05, 'ETH': 0.215, 'XRP': 0.2472}",2024-11-12 07:15:00,0.9595,SETTLEMENT,0.025599999999999956,1.0
20241112_0800,SOL,DOWN,2024-11-12 08:10:00,0.9579,G2,"{'BTC': 0.2108, 'ETH': 0.2127, 'XRP': 0.1162}",2024-11-12 08:15:00,0.983,SETTLEMENT,-0.02510000000000001,1.0
20241113_1445,XRP,UP,2024-11-13 14:55:00,0.443,G1,"{'BTC': 0.7958, 'ETH': 1.0, 'SOL': 0.8005}",2024-11-13 15:00:00,0.4539,SETTLEMENT,0.01090000000000002,1.0
20241113_1500,XRP,UP,2024-11-13 15:10:00,0.4373,G1,"{'BTC': 0.8817, 'ETH': 1.0, 'SOL': 0.8809}",2024-11-13 15:15:00,0.4384,SETTLEMENT,0.0010999999999999899,1.0
20241113_1515,XRP,UP,2024-11-13 15:25:00,0.3976,G1,"{'BTC': 0.8449, 'ETH': 0.9328, 'SOL': 0.7925}",2024-11-13 15:30:00,0.5397,SETTLEMENT,0.14209999999999995,1.0
20241115_0115,SOL,UP,2024-11-15 01:28:00,0.2126,G2,"{'BTC': 0.9604, 'ETH': 0.7848, 'XRP': 0.7592}",2024-11-15 01:30:00,0.1959,SETTLEMENT,-0.01670000000000002,1.0
20241115_0145,SOL,UP,2024-11-15 01:55:00,0.1257,G2,"{'BTC': 0.9301, 'ETH': 0.939, 'XRP': 0.8645}",2024-11-15 02:00:00,0.1385,SETTLEMENT,0.012800000000000006,1.0
20241115_0200,SOL,UP,2024-11-15 02:10:00,0.1861,G2,"{'BTC': 0.8763, 'ETH': 0.9727, 'XRP': 0.8029}",2024-11-15 02:15:00,0.1639,SETTLEMENT,-0.022199999999999998,1.0
20241115_0215,SOL,UP,2024-11-15 02:25:00,0.2411,G2,"{'BTC': 0.9341, 'ETH': 0.9584, 'XRP': 0.8801}",2024-11-15 02:30:00,0.2171,SETTLEMENT,-0.02400000000000002,1.0
20241115_0230,SOL,UP,2024-11-15 02:40:00,0.1197,G2,"{'BTC': 0.9114, 'ETH': 0.8273, 'XRP': 0.8217}",2024-11-15 02:45:00,0.1319,SETTLEMENT,0.012199999999999989,1.0
20241115_0245,SOL,UP,2024-11-15 02:55:00,0.069,G2,"{'BTC': 0.963, 'ETH': 0.7935, 'XRP': 0.9663}",2024-11-15 03:00:00,0.0831,SETTLEMENT,0.014099999999999988,1.0
20241115_0300,SOL,UP,2024-11-15 03:10:00,0.0,G2,"{'BTC': 0.9065, 'ETH': 0.8567, 'XRP': 0.9593}",2024-11-15 03:15:00,0.0161,SETTLEMENT,0.0161,1.0
20241115_0315,SOL,UP,2024-11-15 03:25:00,0.0617,G2,"{'BTC': 0.9767, 'ETH': 0.9195, 'XRP': 0.8575}",2024-11-15 03:30:00,0.0,SETTLEMENT,-0.0617,1.0
20241115_0330,SOL,UP,2024-11-15 03:40:00,0.0078,G2,"{'BTC': 0.9693, 'ETH': 0.81, 'XRP': 0.8379}",2024-11-15 03:45:00,0.0543,SETTLEMENT,0.0465,1.0
20241116_1015,SOL,UP,2024-11-16 10:25:00,0.3929,G2,"{'BTC': 0.8496, 'ETH': 1.0, 'XRP': 0.7941}",2024-11-16 10:30:00,0.3655,SETTLEMENT,-0.027400000000000035,1.0
20241116_1030,SOL,UP,2024-11-16 10:40:00,0.2667,G2,"{'BTC': 1.0, 'ETH': 0.9377, 'XRP': 0.8953}",2024-11-16 10:45:00,0.1665,SETTLEMENT,-0.10019999999999998,1.0
20241116_1045,SOL,UP,2024-11-16 10:55:00,0.1787,G2,"{'BTC': 0.9245, 'ETH': 0.958, 'XRP': 0.9203}",2024-11-16 11:00:00,0.1374,SETTLEMENT,-0.0413,1.0
20241116_1100,SOL,UP,2024-11-16 11:10:00,0.2488,G2,"{'BTC': 0.9151, 'ETH': 0.9379, 'XRP': 0.9988}",2024-11-16 11:15:00,0.3233,SETTLEMENT,0.07449999999999998,1.0
20241116_1115,SOL,UP,2024-11-16 11:25:00,0.3953,G2,"{'BTC': 0.8389, 'ETH': 0.9873, 'XRP': 0.9184}",2024-11-16 11:30:00,0.4108,SETTLEMENT,0.015500000000000014,1.0
20241116_1130,SOL,UP,2024-11-16 11:43:00,0.4009,G2,"{'BTC': 0.8689, 'ETH': 0.8702, 'XRP': 0.7514}",2024-11-16 11:45:00,0.424,SETTLEMENT,0.02310000000000001,1.0
20241116_1145,SOL,UP,2024-11-16 11:58:00,0.4128,G2,"{'BTC': 0.8171, 'ETH': 0.8807, 'XRP': 0.7584}",2024-11-16 12:00:00,0.4075,SETTLEMENT,-0.005300000000000027,1.0
20241116_1200,SOL,UP,2024-11-16 12:13:00,0.4349,G2,"{'BTC': 0.8215, 'ETH': 0.8297, 'XRP': 0.754}",2024-11-16 12:15:00,0.4097,SETTLEMENT,-0.0252,1.0
20241116_1230,SOL,UP,2024-11-16 12:41:00,0.3516,G2,"{'BTC': 0.8683, 'ETH': 0.9663, 'XRP': 0.761}",2024-11-16 12:45:00,0.3485,SETTLEMENT,-0.003100000000000047,1.0
20241116_1245,SOL,UP,2024-11-16 12:55:00,0.4143,G2,"{'BTC': 0.9399, 'ETH': 0.8296, 'XRP': 0.7684}",2024-11-16 13:00:00,0.4824,SETTLEMENT,0.0681,1.0
20241116_1445,SOL,UP,2024-11-16 14:57:00,0.4899,G2,"{'BTC': 0.9624, 'ETH': 0.8959, 'XRP': 1.0}",2024-11-16 15:00:00,0.4966,SETTLEMENT,0.006699999999999984,1.0
20241116_1545,SOL,UP,2024-11-16 15:58:00,0.4845,G2,"{'BTC': 1.0, 'ETH': 0.863, 'XRP': 1.0}",2024-11-16 16:00:00,0.4989,SETTLEMENT,0.014400000000000024,1.0
20241116_1600,SOL,UP,2024-11-16 16:10:00,0.462,G2,"{'BTC': 1.0, 'ETH': 0.7625, 'XRP': 0.8952}",2024-11-16 16:15:00,0.4656,SETTLEMENT,0.003599999999999992,1.0
20241120_0315,SOL,DOWN,2024-11-20 03:25:00,0.9315,G2,"{'BTC': 0.051, 'ETH': 0.2025, 'XRP': 0.0}",2024-11-20 03:30:00,0.8971,SETTLEMENT,0.034399999999999986,1.0
20241120_0330,SOL,DOWN,2024-11-20 03:40:00,0.9032,G2,"{'BTC': 0.0725, 'ETH': 0.1983, 'XRP': 0.0932}",2024-11-20 03:45:00,0.9148,SETTLEMENT,-0.011599999999999944,1.0
20241120_0345,SOL,DOWN,2024-11-20 03:55:00,0.891,G2,"{'BTC': 0.0, 'ETH': 0.1434, 'XRP': 0.1585}",2024-11-20 04:00:00,0.8813,SETTLEMENT,0.009700000000000042,1.0
20241120_0400,SOL,DOWN,2024-11-20 04:10:00,0.8711,G2,"{'BTC': 0.0, 'ETH': 0.1696, 'XRP': 0.2417}",2024-11-20 04:15:00,0.8379,SETTLEMENT,0.03320000000000001,1.0
20241120_0415,SOL,DOWN,2024-11-20 04:28:00,0.7797,G2,"{'BTC': 0.0718, 'ETH': 0.2481, 'XRP': 0.1525}",2024-11-20 04:30:00,0.7213,SETTLEMENT,0.058399999999999896,1.0
20241120_0445,SOL,DOWN,2024-11-20 04:58:00,0.7464,G2,"{'BTC': 0.2059, 'ETH': 0.2366, 'XRP': 0.1387}",2024-11-20 05:00:00,0.738,SETTLEMENT,0.008399999999999963,1.0
20241120_0800,SOL,DOWN,2024-11-20 08:10:00,0.7695,G2,"{'BTC': 0.2135, 'ETH': 0.2163, 'XRP': 0.2087}",2024-11-20 08:15:00,0.8358,SETTLEMENT,-0.06630000000000003,1.0
20241120_0830,SOL,DOWN,2024-11-20 08:43:00,0.6898,G2,"{'BTC': 0.2339, 'ETH': 0.2352, 'XRP': 0.2469}",2024-11-20 08:45:00,0.6524,SETTLEMENT,0.03739999999999999,1.0
20241120_0845,SOL,DOWN,2024-11-20 08:55:00,0.6299,G2,"{'BTC': 0.1771, 'ETH': 0.1224, 'XRP': 0.2044}",2024-11-20 09:00:00,0.5972,SETTLEMENT,0.03270000000000006,1.0
20241120_0900,SOL,DOWN,2024-11-20 09:10:00,0.6151,G2,"{'BTC': 0.2169, 'ETH': 0.1308, 'XRP': 0.2412}",2024-11-20 09:15:00,0.6143,SETTLEMENT,0.0008000000000000229,1.0
20241120_0915,SOL,DOWN,2024-11-20 09:25:00,0.5978,G2,"{'BTC': 0.2454, 'ETH': 0.0544, 'XRP': 0.214}",2024-11-20 09:30:00,0.6015,SETTLEMENT,-0.0037000000000000366,1.0
20241120_0930,SOL,DOWN,2024-11-20 09:40:00,0.5777,G2,"{'BTC': 0.2489, 'ETH': 0.1088, 'XRP': 0.1652}",2024-11-20 09:45:00,0.5958,SETTLEMENT,-0.018100000000000005,1.0
20241120_0945,SOL,DOWN,2024-11-20 09:55:00,0.6574,G2,"{'BTC': 0.1828, 'ETH': 0.0757, 'XRP': 0.0587}",2024-11-20 10:00:00,0.679,SETTLEMENT,-0.021600000000000064,1.0
20241120_1000,SOL,DOWN,2024-11-20 10:10:00,0.6697,G2,"{'BTC': 0.1952, 'ETH': 0.0423, 'XRP': 0.1267}",2024-11-20 10:15:00,0.7411,SETTLEMENT,-0.07140000000000002,1.0
20241120_1015,SOL,DOWN,2024-11-20 10:25:00,0.76,G2,"{'BTC': 0.0207, 'ETH': 0.0481, 'XRP': 0.2244}",2024-11-20 10:30:00,0.6936,SETTLEMENT,0.06640000000000001,1.0
20241120_1030,SOL,DOWN,2024-11-20 10:40:00,0.7435,G2,"{'BTC': 0.0784, 'ETH': 0.0, 'XRP': 0.2422}",2024-11-20 10:45:00,0.7402,SETTLEMENT,0.0033000000000000806,1.0
20241120_1100,SOL,DOWN,2024-11-20 11:10:00,0.7657,G2,"{'BTC': 0.1212, 'ETH': 0.1068, 'XRP': 0.2098}",2024-11-20 11:15:00,0.8074,SETTLEMENT,-0.04169999999999996,1.0
20241120_1115,SOL,DOWN,2024-11-20 11:25:00,0.7497,G2,"{'BTC': 0.0575, 'ETH': 0.0072, 'XRP': 0.1657}",2024-11-20 11:30:00,0.7483,SETTLEMENT,0.0014000000000000679,1.0
20241120_1130,SOL,DOWN,2024-11-20 11:40:00,0.9159,G2,"{'BTC': 0.1236, 'ETH': 0.0824, 'XRP': 0.1985}",2024-11-20 11:45:00,0.8579,SETTLEMENT,0.05800000000000005,1.0
20241120_1215,SOL,DOWN,2024-11-20 12:27:00,0.6857,G2,"{'BTC': 0.1636, 'ETH': 0.2485, 'XRP': 0.2437}",2024-11-20 12:30:00,0.7017,SETTLEMENT,-0.016000000000000014,1.0
20241120_1245,SOL,DOWN,2024-11-20 12:58:00,0.813,G2,"{'BTC': 0.0861, 'ETH': 0.2475, 'XRP': 0.1555}",2024-11-20 13:00:00,0.8641,SETTLEMENT,-0.051100000000000034,1.0
20241120_1300,SOL,DOWN,2024-11-20 13:10:00,0.8725,G2,"{'BTC': 0.2309, 'ETH': 0.2303, 'XRP': 0.0771}",2024-11-20 13:15:00,0.8706,SETTLEMENT,0.0019000000000000128,1.0
20241120_1330,SOL,DOWN,2024-11-20 13:40:00,0.8771,G2,"{'BTC': 0.1508, 'ETH': 0.1903, 'XRP': 0.1165}",2024-11-20 13:45:00,0.9426,SETTLEMENT,-0.0655,1.0
20241120_1345,SOL,DOWN,2024-11-20 13:55:00,0.8937,G2,"{'BTC': 0.1523, 'ETH': 0.0783, 'XRP': 0.1344}",2024-11-20 14:00:00,0.9463,SETTLEMENT,-0.05259999999999998,1.0
20241120_1400,SOL,DOWN,2024-11-20 14:10:00,0.9809,G2,"{'BTC': 0.0783, 'ETH': 0.0158, 'XRP': 0.1389}",2024-11-20 14:15:00,0.9947,SETTLEMENT,-0.013800000000000034,1.0
20241120_1415,SOL,DOWN,2024-11-20 14:25:00,0.9352,G2,"{'BTC': 0.0316, 'ETH': 0.0254, 'XRP': 0.0461}",2024-11-20 14:30:00,0.9006,SETTLEMENT,0.034600000000000075,1.0
20241120_1430,SOL,DOWN,2024-11-20 14:40:00,0.9117,G2,"{'BTC': 0.0273, 'ETH': 0.0579, 'XRP': 0.0}",2024-11-20 14:45:00,0.9833,SETTLEMENT,-0.0716,1.0
20241120_1445,SOL,DOWN,2024-11-20 14:55:00,0.9976,G2,"{'BTC': 0.0169, 'ETH': 0.0, 'XRP': 0.0397}",2024-11-20 15:00:00,0.9834,SETTLEMENT,0.01419999999999999,1.0
20241120_1500,SOL,DOWN,2024-11-20 15:10:00,0.8869,G2,"{'BTC': 0.017, 'ETH': 0.0411, 'XRP': 0.0064}",2024-11-20 15:15:00,0.8519,SETTLEMENT,0.03500000000000003,1.0
20241120_1515,SOL,DOWN,2024-11-20 15:25:00,0.9294,G2,"{'BTC': 0.1338, 'ETH': 0.0353, 'XRP': 0.1126}",2024-11-20 15:30:00,0.9456,SETTLEMENT,-0.016199999999999992,1.0
20241120_1530,SOL,DOWN,2024-11-20 15:40:00,0.9024,G2,"{'BTC': 0.1193, 'ETH': 0.0105, 'XRP': 0.0956}",2024-11-20 15:45:00,0.8615,SETTLEMENT,0.040899999999999936,1.0
20241120_1545,SOL,DOWN,2024-11-20 15:55:00,0.9035,G2,"{'BTC': 0.2184, 'ETH': 0.0453, 'XRP': 0.0961}",2024-11-20 16:00:00,0.8844,SETTLEMENT,0.019100000000000006,1.0
20241120_1600,SOL,DOWN,2024-11-20 16:10:00,1.0,G2,"{'BTC': 0.1075, 'ETH': 0.0407, 'XRP': 0.107}",2024-11-20 16:15:00,0.9639,SETTLEMENT,0.03610000000000002,1.0
20241120_1615,SOL,DOWN,2024-11-20 16:25:00,0.9789,G2,"{'BTC': 0.0124, 'ETH': 0.037, 'XRP': 0.136}",2024-11-20 16:30:00,0.9257,SETTLEMENT,0.053200000000000025,1.0
20241120_1630,SOL,DOWN,2024-11-20 16:40:00,0.8871,G2,"{'BTC': 0.0182, 'ETH': 0.1147, 'XRP': 0.0895}",2024-11-20 16:45:00,0.9285,SETTLEMENT,-0.04139999999999999,1.0
20241120_1645,SOL,DOWN,2024-11-20 16:55:00,0.7297,G2,"{'BTC': 0.0816, 'ETH': 0.1854, 'XRP': 0.0863}",2024-11-20 17:00:00,0.724,SETTLEMENT,0.005700000000000038,1.0
20241120_1700,SOL,DOWN,2024-11-20 17:10:00,0.7735,G2,"{'BTC': 0.0232, 'ETH': 0.1606, 'XRP': 0.0505}",2024-11-20 17:15:00,0.6838,SETTLEMENT,0.0897,1.0
20241120_1715,SOL,DOWN,2024-11-20 17:25:00,0.7866,G2,"{'BTC': 0.1718, 'ETH': 0.0553, 'XRP': 0.0749}",2024-11-20 17:30:00,0.7863,SETTLEMENT,0.00029999999999996696,1.0
20241120_1730,SOL,DOWN,2024-11-20 17:40:00,0.809,G2,"{'BTC': 0.0521, 'ETH': 0.0288, 'XRP': 0.0834}",2024-11-20 17:45:00,0.7635,SETTLEMENT,0.045500000000000096,1.0
20241120_1745,SOL,DOWN,2024-11-20 17:55:00,0.8112,G2,"{'BTC': 0.0742, 'ETH': 0.0661, 'XRP': 0.0674}",2024-11-20 18:00:00,0.7116,SETTLEMENT,0.09960000000000002,1.0
20241120_1800,SOL,DOWN,2024-11-20 18:10:00,0.504,G2,"{'BTC': 0.0052, 'ETH': 0.0, 'XRP': 0.0201}",2024-11-20 18:15:00,0.5487,SETTLEMENT,-0.04469999999999996,1.0
20241120_1815,SOL,DOWN,2024-11-20 18:25:00,0.5665,G2,"{'BTC': 0.1279, 'ETH': 0.0171, 'XRP': 0.0}",2024-11-20 18:30:00,0.6027,SETTLEMENT,-0.03620000000000001,1.0
20241120_1830,SOL,DOWN,2024-11-20 18:40:00,0.644,G2,"{'BTC': 0.1208, 'ETH': 0.033, 'XRP': 0.0159}",2024-11-20 18:45:00,0.5944,SETTLEMENT,0.04959999999999998,1.0
20241120_1945,SOL,DOWN,2024-11-20 19:57:00,0.5138,G2,"{'BTC': 0.1852, 'ETH': 0.2464, 'XRP': 0.0561}",2024-11-20 20:00:00,0.4874,SETTLEMENT,0.026400000000000035,1.0
20241125_0900,XRP,UP,2024-11-25 09:10:00,0.119,G1,"{'BTC': 0.7517, 'ETH': 0.8052, 'SOL': 0.7902}",2024-11-25 09:15:00,0.1201,SETTLEMENT,0.0011000000000000038,1.0
20241125_0930,XRP,UP,2024-11-25 09:40:00,0.0395,G1,"{'BTC': 0.829, 'ETH': 0.7677, 'SOL': 0.8979}",2024-11-25 09:45:00,0.0065,SETTLEMENT,-0.033,1.0
20241125_0945,XRP,UP,2024-11-25 09:55:00,0.1445,G1,"{'BTC': 0.8379, 'ETH': 0.9101, 'SOL': 0.9985}",2024-11-25 10:00:00,0.1755,SETTLEMENT,0.031,1.0
20241125_1000,XRP,UP,2024-11-25 10:10:00,0.2545,G1,"{'BTC': 0.8915, 'ETH': 0.8367, 'SOL': 0.9661}",2024-11-25 10:15:00,0.3058,SETTLEMENT,0.05130000000000001,1.0
20241125_1015,XRP,UP,2024-11-25 10:25:00,0.2738,G1,"{'BTC': 0.9664, 'ETH': 0.8506, 'SOL': 0.967}",2024-11-25 10:30:00,0.3236,SETTLEMENT,0.04980000000000001,1.0
20241125_1030,XRP,UP,2024-11-25 10:41:00,0.4896,G1,"{'BTC': 0.9807, 'ETH': 0.9516, 'SOL': 0.9144}",2024-11-25 10:45:00,0.4786,SETTLEMENT,-0.010999999999999954,1.0
20241125_1130,XRP,UP,2024-11-25 11:40:00,0.4841,G1,"{'BTC': 0.8427, 'ETH': 0.9779, 'SOL': 0.7586}",2024-11-25 11:45:00,0.5508,SETTLEMENT,0.06669999999999998,1.0
20241125_1300,XRP,UP,2024-11-25 13:10:00,0.4624,G1,"{'BTC': 0.8536, 'ETH': 0.8674, 'SOL': 0.9248}",2024-11-25 13:15:00,0.4678,SETTLEMENT,0.005400000000000016,1.0
20241125_1315,XRP,UP,2024-11-25 13:25:00,0.4801,G1,"{'BTC': 0.8075, 'ETH': 0.8709, 'SOL': 0.9778}",2024-11-25 13:30:00,0.47,SETTLEMENT,-0.010100000000000053,1.0
20241125_1330,XRP,UP,2024-11-25 13:40:00,0.43,G1,"{'BTC': 0.8047, 'ETH': 0.9119, 'SOL': 1.0}",2024-11-25 13:45:00,0.3573,SETTLEMENT,-0.07269999999999999,1.0
20241125_1345,XRP,UP,2024-11-25 13:55:00,0.379,G1,"{'BTC': 0.8578, 'ETH': 0.8233, 'SOL': 0.9376}",2024-11-25 14:00:00,0.412,SETTLEMENT,0.032999999999999974,1.0
20241125_1400,XRP,UP,2024-11-25 14:10:00,0.3638,G1,"{'BTC': 0.7566, 'ETH': 0.9623, 'SOL': 0.8896}",2024-11-25 14:15:00,0.3475,SETTLEMENT,-0.016300000000000037,1.0
20241125_1415,XRP,UP,2024-11-25 14:25:00,0.4184,G1,"{'BTC': 0.8857, 'ETH': 0.99, 'SOL': 0.9179}",2024-11-25 14:30:00,0.4499,SETTLEMENT,0.03150000000000003,1.0
20241125_1430,XRP,UP,2024-11-25 14:40:00,0.4608,G1,"{'BTC': 0.9061, 'ETH': 0.9404, 'SOL': 0.8853}",2024-11-25 14:45:00,0.4435,SETTLEMENT,-0.017299999999999982,1.0
20241125_1445,XRP,UP,2024-11-25 14:55:00,0.3884,G1,"{'BTC': 0.9409, 'ETH': 0.9817, 'SOL': 0.9426}",2024-11-25 15:00:00,0.4047,SETTLEMENT,0.01629999999999998,1.0
20241125_1500,XRP,UP,2024-11-25 15:10:00,0.3947,G1,"{'BTC': 0.8592, 'ETH': 0.9684, 'SOL': 0.8117}",2024-11-25 15:15:00,0.3668,SETTLEMENT,-0.02789999999999998,1.0
20241125_1515,XRP,UP,2024-11-25 15:25:00,0.4093,G1,"{'BTC': 0.7917, 'ETH': 0.9751, 'SOL': 0.8048}",2024-11-25 15:30:00,0.3508,SETTLEMENT,-0.058499999999999996,1.0
20241126_2200,SOL,DOWN,2024-11-26 22:11:00,0.5842,G2,"{'BTC': 0.2165, 'ETH': 0.1453, 'XRP': 0.2393}",2024-11-26 22:15:00,0.5655,SETTLEMENT,0.01870000000000005,1.0
20241126_2215,SOL,DOWN,2024-11-26 22:25:00,0.5473,G2,"{'BTC': 0.2407, 'ETH': 0.0864, 'XRP': 0.0305}",2024-11-26 22:30:00,0.5279,SETTLEMENT,0.019399999999999973,1.0
20241126_2245,SOL,DOWN,2024-11-26 22:55:00,0.5455,G2,"{'BTC': 0.0, 'ETH': 0.1671, 'XRP': 0.1096}",2024-11-26 23:00:00,0.5409,SETTLEMENT,0.0045999999999999375,1.0
20241126_2300,SOL,DOWN,2024-11-26 23:10:00,0.5213,G2,"{'BTC': 0.0, 'ETH': 0.1235, 'XRP': 0.037}",2024-11-26 23:15:00,0.5184,SETTLEMENT,0.0029000000000000137,1.0
20241126_2315,SOL,DOWN,2024-11-26 23:25:00,0.6022,G2,"{'BTC': 0.0209, 'ETH': 0.1492, 'XRP': 0.0604}",2024-11-26 23:30:00,0.6121,SETTLEMENT,-0.00990000000000002,1.0
20241126_2330,SOL,DOWN,2024-11-26 23:40:00,0.6398,G2,"{'BTC': 0.0799, 'ETH': 0.2091, 'XRP': 0.1943}",2024-11-26 23:45:00,0.5912,SETTLEMENT,0.04860000000000009,1.0
20241126_2345,SOL,DOWN,2024-11-26 23:55:00,0.6718,G2,"{'BTC': 0.0287, 'ETH': 0.2448, 'XRP': 0.2072}",2024-11-27 00:00:00,0.6616,SETTLEMENT,0.010199999999999987,1.0
20241127_0015,SOL,DOWN,2024-11-27 00:25:00,0.9045,G2,"{'BTC': 0.0, 'ETH': 0.2366, 'XRP': 0.0932}",2024-11-27 00:30:00,0.9557,SETTLEMENT,-0.05120000000000002,1.0
20241127_0045,SOL,DOWN,2024-11-27 00:55:00,0.881,G2,"{'BTC': 0.1256, 'ETH': 0.2426, 'XRP': 0.0515}",2024-11-27 01:00:00,0.9781,SETTLEMENT,-0.09709999999999996,1.0
20241127_0100,SOL,DOWN,2024-11-27 01:10:00,0.9934,G2,"{'BTC': 0.2077, 'ETH': 0.1625, 'XRP': 0.0313}",2024-11-27 01:15:00,0.9748,SETTLEMENT,0.01859999999999995,1.0
20241130_1100,SOL,UP,2024-11-30 11:11:00,0.2582,G2,"{'BTC': 0.845, 'ETH': 0.864, 'XRP': 0.7902}",2024-11-30 11:15:00,0.2103,SETTLEMENT,-0.0479,1.0
20241130_1115,SOL,UP,2024-11-30 11:26:00,0.1307,G2,"{'BTC': 0.8489, 'ETH': 0.763, 'XRP': 0.8137}",2024-11-30 11:30:00,0.1824,SETTLEMENT,0.051699999999999996,1.0
